,Unnamed: 0,U,ef,eis_0,eis_1,eis_2,hoppings_0,hoppings_1,hoppings_2,coefficients of the Chebyshev polynomial
0,1,8.238705086110528,-1.9927764566665829,-3.492202338971601,3.55228995806473,-0.2908732197864614,0.1959493923234213,1.0429069544479534,1.4875765529295144,"[ 1.29945385e-02 -1.23013092e-03 -2.21278731e-02  2.54086065e-03
  1.60670230e-02 -2.12226993e-03 -1.03441872e-02  7.45873730e-04
  6.62478550e-03  2.34796868e-04 -5.01274548e-03  4.89156564e-05
  4.47912221e-03 -1.43985743e-03 -3.85112932e-03  3.01275529e-03
  2.58392460e-03 -3.78858780e-03 -9.00955685e-04  3.34431849e-03
 -5.89091750e-04 -1.96849978e-03  1.40587642e-03  3.80010805e-04
 -1.49725006e-03  7.31318960e-04  1.20908086e-03 -1.05907183e-03
 -1.02038449e-03  7.68454199e-04  1.23803563e-03 -3.18363376e-04
 -1.83126416e-03  1.48143844e-04  2.49074319e-03 -4.19376079e-04
 -2.86116749e-03  9.61361372e-04  2.78647403e-03 -1.43556119e-03
 -2.39959254e-03  1.58767802e-03  2.00269487e-03 -1.40419778e-03
 -1.83963708e-03  1.07626638e-03  1.93585337e-03 -8.26956070e-04
 -2.11452519e-03  7.51749219e-04  2.15338092e-03 -7.87248174e-04
 -1.94705907e-03  8.04449050e-04  1.55844907e-03 -7.28540290e-04
 -1.14542090e-03  5.87915217e-04  8.41294590e-04 -4.71057789e-04
 -6.80749704e-04  4.44734624e-04  6.07105650e-04 -5.02829139e-04
 -5.32203139e-04  5.75648426e-04  3.95815992e-04 -5.79956376e-04
 -1.90669437e-04  4.69121820e-04 -4.81397785e-05 -2.54749422e-04
  2.71349748e-04 -4.72098716e-06 -4.42446780e-04  2.35989222e-04
  5.51668290e-04 -3.85612723e-04 -6.13169566e-04  4.41576585e-04
  6.48942866e-04 -4.32397655e-04 -6.70259979e-04  4.05396947e-04
  6.69637328e-04 -3.97500810e-04 -6.29346322e-04  4.16550792e-04
  5.39807867e-04 -4.43642732e-04 -4.13068260e-04  4.52088828e-04
  2.80380323e-04 -4.27700119e-04 -1.75632089e-04  3.76459802e-04
  1.17084533e-04 -3.17004682e-04 -1.00038985e-04  2.66522865e-04
  1.03728399e-04 -2.31200382e-04 -1.05565946e-04  2.06182922e-04
  9.27086620e-05 -1.82062955e-04 -6.53419653e-05  1.51695179e-04
  3.26988229e-05 -1.13434142e-04 -6.21940540e-06  7.07120720e-05
 -6.37426097e-06 -2.96512735e-05  4.30275344e-06 -3.93867613e-06
  6.32645235e-06  2.73161524e-05 -1.57587165e-05 -4.21918187e-05
  1.57342300e-05  5.36230551e-05 -3.86535486e-06 -6.66103224e-05
 -1.54598226e-05  8.25012375e-05  3.42801177e-05 -9.79077304e-05
 -4.61263723e-05  1.07148079e-04  4.94300604e-05 -1.06478764e-04
 -4.72101678e-05  9.69615559e-05  4.38744560e-05 -8.39370289e-05
 -4.18867058e-05  7.36980180e-05  4.06267855e-05 -6.98642434e-05
 -3.77251546e-05  7.17990410e-05  3.13540739e-05 -7.56664954e-05
 -2.16852255e-05  7.69834703e-05  1.07591681e-05 -7.29516761e-05
 -1.21464275e-06  6.34454242e-05 -5.14867793e-06 -5.05134154e-05
  8.17230802e-06  3.69723179e-05 -9.18213335e-06 -2.49371243e-05
  1.00396573e-05  1.50215227e-05 -1.19436910e-05 -6.54351537e-06
  1.46746749e-05 -1.49753341e-06 -1.67717457e-05  9.38782262e-06
  1.65750241e-05 -1.63655044e-05 -1.34465635e-05  2.12142335e-05
  8.29913209e-06 -2.32782287e-05 -3.04859523e-06  2.30638793e-05
 -5.90461571e-07 -2.19481703e-05  2.08174901e-06  2.12416823e-05
 -2.16237140e-06 -2.13494256e-05  2.09944810e-06  2.16528420e-05
 -2.74416895e-06 -2.11352288e-05  4.06379665e-06  1.92141959e-05
 -5.37137968e-06 -1.61674007e-05  5.94751378e-06  1.29192769e-05
 -5.55380135e-06 -1.04233933e-05  4.52049118e-06  9.09502530e-06
 -3.43619864e-06 -8.64137331e-06  2.72263587e-06  8.33427418e-06
 -2.39564399e-06 -7.49548728e-06  2.13282827e-06  5.88231347e-06
 -1.55813395e-06 -3.77108863e-06  5.43156552e-07  1.72931154e-06
  6.69212019e-07 -2.41726050e-07 -1.60378781e-06 -5.68291675e-07
  1.86369825e-06  9.55602730e-07 -1.39671276e-06 -1.32476139e-06
  5.35949060e-07  1.93280544e-06  2.05055839e-07 -2.73229490e-06
 -4.40162902e-07  3.45179508e-06  1.15748693e-07 -3.83053058e-06
  5.14525267e-07  3.81428631e-06 -1.10167915e-06 -3.57379111e-06
  1.42948119e-06  3.36020203e-06 -1.50662692e-06 -3.32201492e-06
  1.49283816e-06  3.41294856e-06 -1.54249723e-06 -3.44661837e-06
  1.68800717e-06  3.24641783e-06 -1.83662566e-06 -2.77115987e-06
  1.85926024e-06  2.13238680e-06 -1.68922289e-06 -1.51478000e-06
  1.36357092e-06  1.06700819e-06 -9.90369720e-07 -8.27236405e-07
  6.70648178e-07  7.22698144e-07 -4.33365953e-07 -6.39287414e-07
  2.32703582e-07  5.05350012e-07 -3.32691126e-09 -3.27033495e-07
 -2.75580432e-07  1.60523076e-07  5.52662270e-07 -5.32770888e-08
 -7.30246390e-07]"
1,2,5.459006329412013,2.125348326241776,-0.5523436921298606,1.4164695904074265,1.002897831778986,0.5604548813449863,0.1879735305080166,1.443223747211862,"[ 1.29011010e-02  2.13100248e-03 -2.26466701e-02 -5.21373111e-03
  1.78314945e-02  6.52149464e-03 -1.26956539e-02 -6.20003291e-03
  8.36740730e-03  4.93795397e-03 -5.38508168e-03 -3.55913950e-03
  3.64295179e-03  2.63583149e-03 -2.62319668e-03 -2.30154571e-03
  1.74758742e-03  2.31162924e-03 -6.60816966e-04 -2.26868716e-03
 -6.68045299e-04  1.86682207e-03  2.02558710e-03 -1.03177345e-03
 -3.12780275e-03 -8.60190196e-05  3.77731952e-03  1.22495113e-03
 -3.93261204e-03 -2.14887337e-03  3.68271974e-03  2.73374497e-03
 -3.17146025e-03 -2.97697774e-03  2.52777830e-03  2.95004292e-03
 -1.83667496e-03 -2.73849613e-03  1.14984223e-03  2.40597874e-03
 -5.10697612e-04 -1.99233888e-03 -3.30088763e-05  1.53112828e-03
  4.38922344e-04 -1.06319578e-03 -6.91638328e-04  6.32577728e-04
  8.16028023e-04 -2.68427950e-04 -8.68580570e-04 -3.10241059e-05
  9.09123580e-04  2.97407253e-04 -9.69440076e-04 -5.71194281e-04
  1.03812357e-03  8.72320403e-04 -1.07116393e-03 -1.18074886e-03
  1.02201835e-03  1.44007053e-03 -8.73314627e-04 -1.58359317e-03
  6.51733589e-04  1.56896333e-03 -4.17852068e-04 -1.40225348e-03
  2.37226773e-04  1.13837273e-03 -1.49166339e-04 -8.57759047e-04
  1.50009581e-04  6.31858537e-04 -1.98834788e-04 -4.95020842e-04
  2.41041036e-04  4.35927479e-04 -2.36293132e-04 -4.10761591e-04
  1.76372801e-04  3.69381722e-04 -8.51728709e-05 -2.80459296e-04
  2.99220449e-06  1.43909319e-04  3.51426141e-05  1.32455166e-05
 -1.57830482e-05 -1.52913635e-04 -4.90487280e-05  2.44355185e-04
  1.30285398e-04 -2.76074836e-04 -1.96559697e-04  2.57075490e-04
  2.27347465e-04 -2.09179749e-04 -2.18876359e-04  1.55888727e-04
  1.81718135e-04 -1.13537903e-04 -1.33076727e-04  8.79657994e-05
  8.84956657e-05 -7.64697202e-05 -5.67348193e-05  7.24310415e-05
  3.90430898e-05 -6.95866350e-05 -3.16440208e-05  6.41651577e-05
  2.91502876e-05 -5.48661488e-05 -2.70290073e-05  4.18202816e-05
  2.24849599e-05 -2.57496872e-05 -1.42594393e-05  7.82610224e-06
  2.23103166e-06  1.01019651e-05  1.26600949e-05 -2.55756462e-05
 -2.82906178e-05  3.62444791e-05  4.15390710e-05 -4.09742867e-05
 -4.91276790e-05  4.06426305e-05  4.89449999e-05 -3.79937911e-05
 -4.11925840e-05  3.64643352e-05  2.86328752e-05 -3.85348886e-05
 -1.56400294e-05  4.44932549e-05  6.41687309e-06 -5.22980990e-05
 -3.23334459e-06  5.86305424e-05  5.56449771e-06 -6.05726554e-05
 -1.05444700e-05  5.70291676e-05  1.44730483e-05 -4.91787369e-05
 -1.45925517e-05  3.97838180e-05  1.02646681e-05 -3.17856968e-05
 -3.03812841e-06  2.69408249e-05 -4.31413878e-06 -2.51658497e-05
  9.21756096e-06  2.48382500e-05 -1.04506581e-05 -2.37991453e-05
  8.52355472e-06  2.04894392e-05 -5.21045641e-06 -1.46569756e-05
  2.57740828e-06  7.35519398e-06 -2.03193334e-06 -3.33232957e-07
  3.82478162e-06 -4.80851818e-06 -7.14908597e-06  7.27284242e-06
  1.06794895e-05 -7.26602185e-06 -1.32226884e-05  5.73684525e-06
  1.41683144e-05 -3.85870018e-06 -1.35885088e-05  2.53292812e-06
  1.20291436e-05 -2.12073592e-06 -1.01641231e-05  2.46065573e-06
  8.50036947e-06 -3.08855465e-06 -7.24503356e-06  3.51152204e-06
  6.33927621e-06 -3.40758475e-06 -5.58589066e-06  2.69633137e-06
  4.78077930e-06 -1.50016647e-06 -3.79132840e-06  5.47475254e-08
  2.57446067e-06  1.37732612e-06 -1.16067350e-06 -2.56503106e-06
 -3.66127033e-07  3.34306068e-06  1.88127971e-06 -3.63438755e-06
 -3.23253032e-06  3.46541065e-06  4.26701224e-06 -2.96466287e-06
 -4.87387217e-06  2.33272115e-06  5.02687989e-06 -1.78233504e-06
 -4.80259271e-06  1.46656113e-06  4.35765422e-06 -1.42529260e-06
 -3.86975838e-06  1.57685394e-06  3.46790961e-06 -1.76146477e-06
 -3.18559455e-06  1.81783784e-06  2.95997307e-06 -1.65726880e-06
 -2.67683117e-06  1.30082537e-06  2.23782298e-06 -8.63954995e-07
 -1.61607867e-06  4.98785844e-07  8.73672619e-07 -3.23921302e-07
 -1.34915339e-07  3.75104405e-07 -4.68502573e-07 -5.97183924e-07
  8.52254525e-07  8.76312698e-07 -1.00865639e-06 -1.09279367e-06
  1.00012629e-06  1.16822846e-06 -9.24634994e-07 -1.08738226e-06
  8.72789637e-07  8.90161392e-07 -8.96680844e-07 -6.43603626e-07
  1.00127567e-06  4.10679207e-07 -1.15634371e-06 -2.29950330e-07
  1.31785545e-06  1.11099892e-07 -1.44651381e-06 -4.21544399e-08
  1.51666846e-06]"
2,3,7.029006294463142,-0.8757188230548936,4.847596370478552,3.619445685197313,4.524423167180467,1.3046859417948642,0.1993266682616027,0.5543226422745482,"[ 1.28439969e-02  2.53253358e-03 -2.29722140e-02 -6.61180866e-03
  1.90429366e-02  9.38497243e-03 -1.45923588e-02 -1.07858334e-02
  1.02702013e-02  1.09878139e-02 -6.57492948e-03 -1.03343922e-02
  3.81003915e-03  9.23734579e-03 -2.06648160e-03 -8.07987292e-03
  1.23016394e-03  7.15017587e-03 -1.03277821e-03 -6.60719420e-03
  1.13605771e-03  6.47055124e-03 -1.21626915e-03 -6.63436448e-03
  1.02861206e-03  6.90836079e-03 -4.49356439e-04 -7.07855946e-03
 -5.09360109e-04  6.96737937e-03  1.72121781e-03 -6.47489682e-03
 -2.99707927e-03  5.59472491e-03  4.14109499e-03 -4.40631793e-03
 -4.99155596e-03  3.04849405e-03  5.44551855e-03 -1.68273779e-03
 -5.47309659e-03  4.58189587e-04  5.11942398e-03  5.13337664e-04
 -4.48897476e-03 -1.17202977e-03  3.71588671e-03  1.51668319e-03
 -2.93222651e-03 -1.60110915e-03  2.24353460e-03  1.51692790e-03
 -1.71384508e-03 -1.36654138e-03  1.36009695e-03  1.23729787e-03
 -1.15692187e-03 -1.18576707e-03  1.05091358e-03  1.23290131e-03
 -9.79193475e-04 -1.36645083e-03  8.85875226e-04  1.54846860e-03
 -7.33097259e-04 -1.72718455e-03  5.06487238e-04  1.85089060e-03
 -2.15523163e-04 -1.88005792e-03 -1.11092655e-04  1.79523511e-03
  4.34088730e-04 -1.60015001e-03 -7.13910103e-04  1.31973270e-03
  9.19840120e-04 -9.93083842e-04 -1.03595784e-03  6.63375803e-04
  1.06298797e-03 -3.68391305e-04 -1.01606217e-03  1.34404869e-04
  9.19459904e-04  2.64554035e-05 -8.00236561e-04 -1.16331628e-04
  6.82604042e-04  1.49470382e-04 -5.84032183e-04 -1.47674086e-04
  5.13175148e-04  1.34365134e-04 -4.69553085e-04 -1.29179782e-04
  4.45083203e-04  1.44461893e-04 -4.27310283e-04 -1.83870396e-04
  4.03476858e-04  2.42859239e-04 -3.64102904e-04 -3.10847131e-04
  3.05047493e-04  3.74594102e-04 -2.27830779e-04 -4.21753039e-04
  1.38626085e-04  4.43565659e-04 -4.64751444e-05 -4.36297973e-04
 -3.88317020e-05  4.01524067e-04  1.08826257e-04 -3.45404090e-04
 -1.57997940e-04  2.77075880e-04  1.84681681e-04 -2.06523355e-04
 -1.91051678e-04  1.42519979e-04  1.82268654e-04 -9.11411151e-05
 -1.65027325e-04  5.50390007e-05  1.45923969e-04 -3.34840375e-05
 -1.30105971e-04  2.30986261e-05  1.20498506e-04 -1.90737885e-05
 -1.17635024e-04  1.64980121e-05  1.19962021e-04 -1.14370324e-05
 -1.24494313e-04  1.59323779e-06  1.27708128e-04  1.34585420e-05
 -1.26482657e-04 -3.24233467e-05  1.18842186e-04  5.27845569e-05
 -1.04325833e-04 -7.15371320e-05  8.39649785e-05  8.59580923e-05
 -5.99481163e-05 -9.42082162e-05  3.50768670e-05  9.56402215e-05
 -1.21382895e-05 -9.07959449e-05 -6.65224432e-06  8.11538936e-05
  2.00103781e-05 -6.87269191e-05 -2.77020726e-05  5.56150469e-05
  3.04477384e-05 -4.36040488e-05 -2.96555186e-05  3.38791524e-05
  2.70435823e-05 -2.68968778e-05 -2.42419986e-05  2.24238669e-05
  2.24725914e-05 -1.97171162e-05 -2.23671785e-05  1.77925726e-05
  2.39335270e-05 -1.57088946e-05 -2.66520107e-05  1.27911324e-05
  2.96739015e-05 -8.74833961e-06 -3.20702511e-05  3.68338516e-06
  3.30644769e-05  1.97976932e-06 -3.21952706e-05 -7.62379340e-06
  2.93867537e-05  1.25951831e-05 -2.49294336e-05 -1.63566316e-05
  1.93913957e-05  1.85962038e-05 -1.34845861e-05 -1.92722449e-05
  7.91395365e-06  1.85946580e-05 -3.24098548e-06 -1.69537944e-05
 -2.08086579e-07  1.48180406e-05  2.36998076e-06 -1.26298557e-05
 -3.41055241e-06  1.07254080e-05  3.65205279e-06 -9.28898855e-06
 -3.48407659e-06  8.34285098e-06  3.27332820e-06 -7.77120010e-06
 -3.28978104e-06  7.37381637e-06  3.66619709e-06 -6.93244382e-06
 -4.39462820e-06  6.26827783e-06  5.35123182e-06 -5.28065472e-06
 -6.33989644e-06  3.96532682e-06  7.14812076e-06 -2.40922006e-06
 -7.60277817e-06  7.62286340e-07  7.60714788e-06  8.03226634e-07
 -7.15146851e-06 -2.13205124e-06  6.30441352e-06  3.11593100e-06
 -5.19222974e-06 -3.71237144e-06  3.96764427e-06  3.94734927e-06
 -2.77510647e-06 -3.89929245e-06  1.72320795e-06  3.67345668e-06
 -8.70799591e-07 -3.37711356e-06  2.25189029e-07  3.09681816e-06
  2.50230078e-07 -2.87982533e-06 -6.17503473e-07  2.72740213e-06
  9.39251297e-07 -2.60323198e-06 -1.26005804e-06  2.45083645e-06
  1.59870879e-06 -2.21188816e-06 -1.94595232e-06  1.84305219e-06
  2.26767142e-06 -1.33099803e-06 -2.51739668e-06  6.99061758e-07
  2.65384315e-06]"
3,4,6.167513490934415,-0.5229343993786173,-2.4528851931509887,3.268084370620297,-1.9212107138248584,1.456425561342299,1.053026228956681,1.4863557898582291,"[ 1.29300096e-02  1.21918943e-03 -2.24824301e-02 -3.05608482e-03
  1.72103582e-02  3.94217688e-03 -1.15878226e-02 -3.75278115e-03
  6.72175805e-03  2.65664396e-03 -3.00868163e-03 -1.09532893e-03
  3.97947072e-04 -3.83458396e-04  1.22750748e-03  1.36145725e-03
 -1.92246884e-03 -1.70173161e-03  1.79899181e-03  1.52617002e-03
 -1.13298629e-03 -1.06504996e-03  2.79939724e-04  5.08001520e-04
  5.19592520e-04  4.99377611e-05 -1.23719008e-03 -5.74465561e-04
  1.96395127e-03  1.04175920e-03 -2.73417508e-03 -1.42416667e-03
  3.43864753e-03  1.70422014e-03 -3.89139808e-03 -1.87953405e-03
  3.96459144e-03  1.94455304e-03 -3.66546737e-03 -1.87317082e-03
  3.10997406e-03  1.63109019e-03 -2.44537503e-03 -1.21444238e-03
  1.79498787e-03  6.79979771e-04 -1.24718584e-03 -1.36460344e-04
  8.60490850e-04 -2.99077460e-04 -6.57033924e-04  5.48003872e-04
  6.10519273e-04 -5.90356888e-04 -6.53094464e-04  4.55164009e-04
  7.08001085e-04 -1.98340778e-04 -7.26368755e-04 -1.15036503e-04
  7.01022991e-04  4.21519277e-04 -6.51928990e-04 -6.69212514e-04
  6.01572169e-04  8.28399512e-04 -5.61025369e-04 -8.96288648e-04
  5.31223839e-04  8.89956772e-04 -5.09465777e-04 -8.31220305e-04
  4.91819403e-04  7.34713199e-04 -4.72185837e-04 -6.07170980e-04
  4.44008004e-04  4.55281257e-04 -4.05838808e-04 -2.92553281e-04
  3.64990415e-04  1.38697641e-04 -3.33768523e-04 -1.33561118e-05
  3.20210421e-04 -6.94985246e-05 -3.21218074e-04  1.03039244e-04
  3.23967621e-04 -8.68510639e-05 -3.13958587e-04  2.72590156e-05
  2.82918375e-04  6.14376018e-05 -2.31420007e-04 -1.58201971e-04
  1.66552924e-04  2.40996203e-04 -9.83340186e-05 -2.94460569e-04
  3.73546508e-05  3.14366250e-04  6.81162350e-06 -3.06021083e-04
 -2.78024662e-05  2.78696649e-04  2.48645761e-05 -2.40702978e-04
 -3.41781527e-06  1.97898872e-04 -2.74043566e-05 -1.54689755e-04
  5.88859949e-05  1.14860582e-04 -8.57239424e-05 -8.10757702e-05
  1.06201991e-04  5.41838635e-05 -1.20298234e-04 -3.38015764e-05
  1.27836550e-04  1.99178776e-05 -1.28054838e-04 -1.37613975e-05
  1.20283911e-04  1.67579796e-05 -1.04618021e-04 -2.84356896e-05
  8.20162388e-05  4.53589738e-05 -5.41694432e-05 -6.22619789e-05
  2.35936570e-05  7.45001445e-05  6.19383928e-06 -7.98697136e-05
 -3.10027400e-05  7.86736086e-05  4.70649633e-05 -7.25608073e-05
 -5.23856026e-05  6.34486597e-05  4.74561499e-05 -5.32167011e-05
 -3.48670364e-05  4.37711405e-05  1.81609862e-05 -3.67590700e-05
 -6.89100588e-07  3.28752949e-05 -1.50060789e-05 -3.14368315e-05
  2.72915675e-05  3.08074796e-05 -3.53509542e-05 -2.94648083e-05
  3.91117148e-05  2.68893282e-05 -3.91300333e-05 -2.36279054e-05
  3.63004396e-05  2.06218856e-05 -3.14582842e-05 -1.84613601e-05
  2.51275110e-05  1.71326774e-05 -1.75924157e-05 -1.62702625e-05
  9.20902497e-06  1.55182296e-05 -6.69702501e-07 -1.46782418e-05
 -7.02422266e-06  1.36520884e-05  1.28755150e-05 -1.23870362e-05
 -1.62538228e-05  1.09419167e-05  1.70707907e-05 -9.57345393e-06
 -1.57141847e-05  8.67156754e-06  1.28509093e-05 -8.53258766e-06
 -9.23240321e-06  9.14662374e-06  5.55893402e-06 -1.01725132e-05
 -2.38240203e-06  1.11113347e-05  2.36798731e-08 -1.15443856e-05
  1.46610821e-06  1.12809836e-05 -2.25252975e-06 -1.03576880e-05
  2.58304393e-06  8.95131588e-06 -2.64740082e-06 -7.29783907e-06
  2.51334324e-06  5.64171869e-06 -2.16028507e-06 -4.18933430e-06
  1.56484128e-06  3.06210959e-06 -7.65492076e-07 -2.27623081e-06
 -1.30300857e-07  1.76771507e-06  9.79681063e-07 -1.45298136e-06
 -1.64693792e-06  1.28804234e-06  2.03839759e-06 -1.28368952e-06
 -2.12363699e-06  1.46968957e-06  1.94187593e-06 -1.84615564e-06
 -1.59420698e-06  2.36052151e-06  1.21573504e-06 -2.91534985e-06
 -9.27003180e-07  3.39319114e-06  7.89767231e-07 -3.68509358e-06
 -7.97319173e-07  3.71359514e-06  8.97719972e-07 -3.44849961e-06
 -1.02553857e-06  2.91658921e-06  1.12648337e-06 -2.19833311e-06
 -1.17032103e-06  1.40495055e-06  1.15115247e-06 -6.45302619e-07
 -1.08224004e-06  2.23873269e-10  9.92460153e-07  4.86508324e-07
 -9.18626888e-07 -8.01594312e-07  8.89024346e-07  9.49233265e-07
 -9.09405248e-07 -9.44327310e-07  9.63355482e-07  8.13010384e-07
 -1.02450513e-06 -5.89696907e-07  1.07117511e-06  3.08692809e-07
 -1.09448843e-06]"
4,5,9.136112197611144,-1.4749146621806437,-2.649123933862959,-4.865050824649414,-3.540046597017517,0.2834660966750518,1.2915166057877534,0.821932452552218,"[ 1.28847995e-02  2.95484866e-03 -2.27347598e-02 -7.62252774e-03
  1.80863628e-02  1.05444677e-02 -1.28221358e-02 -1.16045721e-02
  7.83563834e-03  1.10817516e-02 -3.78426078e-03 -9.53035727e-03
  1.05364933e-03  7.58251730e-03  2.81910471e-04 -5.78629248e-03
 -4.56037428e-04  4.52534262e-03 -9.51124719e-05 -3.98281680e-03
  8.84184934e-04  4.12570878e-03 -1.48633002e-03 -4.73398454e-03
  1.60772590e-03  5.48502775e-03 -1.13275651e-03 -6.05643158e-03
  1.35602806e-04  6.20572421e-03  1.16583198e-03 -5.81711374e-03
 -2.49322568e-03  4.91786930e-03  3.58725221e-03 -3.65905182e-03
 -4.26402523e-03  2.26275084e-03  4.44767828e-03 -9.57952818e-04
 -4.17551523e-03 -7.14322219e-05  3.57416208e-03  7.19254799e-04
 -2.81771899e-03 -9.71461843e-04  2.08291803e-03  8.99515685e-04
 -1.51002577e-03 -6.32890402e-04  1.17562832e-03  3.20591598e-04
 -1.08392390e-03 -9.45019565e-05  1.17755971e-03  4.18007455e-05
 -1.36116636e-03 -1.90195486e-04  1.52946821e-03  5.09060247e-04
 -1.59422696e-03 -9.25164573e-04  1.50399602e-03  1.34573148e-03
 -1.25148097e-03 -1.68148360e-03  8.68931582e-04  1.86612635e-03
 -4.16452083e-04 -1.86954110e-03 -3.33943985e-05  1.70132541e-03
  4.13256003e-04 -1.40416189e-03 -6.76911240e-04  1.04069843e-03
  8.07488684e-04 -6.78119470e-04 -8.16170688e-04  3.73128120e-04
  7.34912173e-04 -1.60622394e-04 -6.06935337e-04  4.96529952e-05
  4.76145513e-04 -2.68461631e-05 -3.76836788e-04  6.36849892e-05
  3.27014840e-04 -1.24519313e-04 -3.27513814e-04  1.74862205e-04
  3.65531367e-04 -1.89391480e-04 -4.19894628e-04  1.57057944e-04
  4.66896864e-04 -8.13654162e-05 -4.86451743e-04 -2.31405463e-05
  4.67219920e-04  1.35890309e-04 -4.08785759e-04 -2.35666916e-04
  3.20409076e-04  3.05803683e-04 -2.17531789e-04 -3.37859154e-04
  1.17472360e-04  3.32493886e-04 -3.52381372e-05 -2.97804063e-04
 -1.97346535e-05  2.46388103e-04  4.50791937e-05 -1.92062512e-04
 -4.50305229e-05  1.46655254e-04  2.85402099e-05 -1.17522337e-04
 -6.70988115e-06  1.06530291e-04 -9.92440485e-06 -1.10571979e-04
  1.37754238e-05  1.23097096e-04 -1.67245398e-06 -1.36122494e-04
 -2.49416818e-05  1.42338484e-04  6.09253066e-05 -1.36867920e-04
 -9.90398770e-05  1.18193457e-04  1.31808505e-04 -8.81194502e-05
 -1.53245701e-04  5.09910096e-05  1.60082429e-04 -1.24559042e-05
 -1.52186899e-04 -2.19316014e-05  1.32213777e-04  4.79414367e-05
 -1.04717258e-04 -6.34349763e-05  7.49829920e-05  6.85168016e-05
 -4.78530456e-05 -6.51781767e-05  2.67853732e-05  5.65954581e-05
 -1.33565295e-05 -4.62671669e-05  7.26894015e-06  3.72084109e-05
 -6.75360470e-06 -3.13753963e-05  9.22134383e-06  2.94355614e-05
 -1.19709520e-05 -3.08391896e-05  1.28265991e-05  3.41485792e-05
 -1.05782166e-05 -3.75591794e-05  5.10777440e-06  3.94161045e-05
  2.74292435e-06 -3.86231052e-05 -1.15171232e-05  3.48511863e-05
  1.95973053e-05 -2.85278239e-05 -2.56132345e-05  2.06662881e-05
  2.87481238e-05 -1.25474335e-05 -2.88506424e-05  5.37733938e-06
  2.63792536e-05 -2.61169419e-08 -2.22294141e-05 -3.12087788e-06
  1.74770466e-05  4.17588210e-06 -1.31271925e-05 -3.67259651e-06
  9.89473059e-06  2.38776745e-06 -8.09419682e-06 -1.12373193e-06
  7.64379236e-06  5.30257208e-07 -8.13807472e-06 -9.63806661e-07
  8.99983302e-06  2.44708322e-06 -9.64323515e-06 -4.70095903e-06
  9.61760686e-06  7.24774462e-06 -8.70445207e-06 -9.55910384e-06
  6.92625365e-06  1.11759869e-05 -4.52126129e-06 -1.18090834e-05
  1.85893055e-06  1.13862670e-05  6.62629687e-07 -1.00413129e-05
 -2.70464588e-06  8.07305755e-06  4.06172768e-06 -5.85272451e-06
 -4.67989762e-06  3.74338835e-06  4.64694178e-06 -2.02919954e-06
 -4.15866464e-06  8.63711842e-07  3.45033553e-06 -2.66039892e-07
 -2.74269669e-06  1.37963978e-07  2.19391942e-06 -3.10064824e-07
 -1.87921130e-06  5.95289637e-07  1.79579483e-06 -8.28377161e-07
 -1.87593354e-06  9.00061156e-07  2.02101200e-06 -7.68462376e-07
 -2.13117176e-06  4.57491532e-07  2.13290396e-06 -3.80122994e-08
 -1.99520076e-06 -4.04132246e-07  1.72449308e-06  7.85716091e-07
 -1.35980588e-06 -1.04532054e-06  9.57379420e-07  1.15540432e-06
 -5.69721076e-07 -1.11643678e-06  2.36270525e-07  9.49111609e-07
  1.96127276e-08 -6.84799336e-07 -1.89589593e-07  3.57672486e-07
  2.73686925e-07]"
5,6,0.4001463352823764,-0.7450314251352959,-4.187557703578463,4.862138357939562,-3.00016270483938,0.2493346207594741,1.1681335953998326,0.388734536413142,"[ 1.27604409e-02 -5.76869768e-04 -2.34652833e-02  1.54936202e-03
  2.11136893e-02 -2.32440879e-03 -1.86517389e-02  2.90333398e-03
  1.62677975e-02 -3.30396830e-03 -1.41226188e-02  3.55691122e-03
  1.23276140e-02 -3.70008712e-03 -1.09339931e-02  3.77274378e-03
  9.93298039e-03 -3.80997057e-03 -9.26552155e-03  3.83858287e-03
  8.83861492e-03 -3.87488119e-03 -8.54472914e-03  3.92440974e-03
  8.28076586e-03 -3.98348478e-03 -7.96359305e-03  4.04199407e-03
  7.54013246e-03 -4.08681841e-03 -6.99112677e-03  4.10520556e-03
  6.32885087e-03 -4.08752564e-03 -5.58999303e-03  4.02902672e-03
  4.82556746e-03 -3.93043958e-03 -4.08994594e-03  3.79750001e-03
  3.43093261e-03 -3.63962838e-03 -2.88235176e-03  3.46811206e-03
  2.46000268e-03 -3.29417115e-03 -2.16117410e-03  3.12725699e-03
  1.96730614e-03 -2.97384720e-03 -1.84892737e-03  2.83688362e-03
  1.77174119e-03 -2.71587242e-03 -1.70270350e-03  2.60754911e-03
  1.61509410e-03 -2.50692309e-03 -1.49188142e-03  2.40847031e-03
  1.32705311e-03 -2.30724748e-03 -1.12496685e-03  2.19974801e-03
  8.98098791e-04 -2.08439163e-03 -6.63779354e-04  1.96161578e-03
  4.40584886e-04 -1.83360624e-03 -2.45013182e-04  1.70375890e-03
  8.89404254e-05 -1.57599855e-03  2.18311204e-05  1.45408785e-03
 -8.78409765e-05 -1.34104326e-03  1.15167989e-04  1.23874175e-03
 -1.13834630e-04 -1.14776175e-03  9.57872311e-05  1.06745820e-03
 -7.28373698e-05 -9.96230408e-04  5.49017987e-05  9.31910819e-04
 -4.87846909e-05 -8.72191318e-04  5.76254764e-05  8.15010765e-04
 -8.10090571e-05 -7.58846386e-04  1.15626227e-04  7.02874246e-04
 -1.56299300e-04 -6.46988298e-04  1.97157444e-04  5.91692717e-04
 -2.32753068e-04 -5.37903966e-04  2.58946592e-04  4.86710390e-04
 -2.73445598e-04 -4.39136033e-04  2.75956922e-04  3.95946514e-04
 -2.67982354e-04 -3.57523657e-04  2.52344317e-04  3.23822898e-04
 -2.32558340e-04 -2.94411842e-04  2.12175690e-04  2.68572385e-04
 -1.94207579e-04 -2.45438657e-04  1.80715609e-04  2.24142184e-04
 -1.72614636e-04 -2.03940438e-04  1.69691207e-04  1.84310542e-04
 -1.70803811e-04 -1.64995524e-04  1.74207391e-04  1.45999055e-04
 -1.77934010e-04 -1.27535827e-04  1.80161017e-04  1.09953349e-04
 -1.79506778e-04 -9.36430825e-05  1.75212927e-04  7.89560141e-05
 -1.67198144e-04 -6.61346344e-05  1.55993650e-04  5.52709773e-05
 -1.42588062e-04 -4.62961596e-05  1.28217937e-04  3.89996769e-05
 -1.14143548e-04 -3.30700664e-05  1.01448276e-04  2.81463716e-05
 -9.08924917e-05 -2.38714477e-05  8.28389069e-05  1.99396846e-05
 -7.72506806e-05 -1.61318887e-05  7.37517211e-05  1.23315209e-05
 -7.17318706e-05 -8.52114607e-06  7.04756027e-05  4.76336312e-06
 -6.92905340e-05 -1.17274707e-06  6.76137348e-05 -2.11575716e-06
 -6.50810112e-05  4.97774208e-06  6.15541845e-05 -7.32484616e-06
 -5.71092272e-05  9.12014507e-06  5.19924596e-05 -1.03813882e-05
 -4.65550265e-05  1.11739975e-05  4.11788833e-05 -1.15976113e-05
 -3.62085533e-05  1.17690969e-05  3.18998053e-05 -1.18040594e-05
 -2.83905546e-05  1.17997336e-05  2.56943937e-05 -1.18230415e-05
 -2.37146528e-05  1.19061165e-05  2.22749409e-05 -1.20485331e-05
 -2.11593253e-05  1.22238263e-05  2.01533060e-05 -1.23886337e-05
 -1.90778791e-05  1.24937020e-05  1.78125710e-05 -1.24952006e-05
 -1.63063439e-05  1.23635677e-05  1.45763529e-05 -1.20878304e-05
 -1.26953868e-05  1.16756845e-05  1.07710342e-05 -1.11509588e-05
 -8.92186686e-06  1.05493291e-05  7.25582891e-06 -9.91221476e-06
 -5.85371533e-06  9.27953883e-06  4.75868866e-06 -8.68344588e-06
 -3.97254961e-06  8.14481857e-06  3.45939231e-06 -7.67252238e-06
 -3.15564346e-06  7.26412097e-06  2.98334109e-06 -6.90755917e-06
 -2.86319985e-06  6.58432952e-06  2.72568062e-06 -6.27400576e-06
 -2.51963334e-06  5.95855601e-06  2.21775390e-06 -5.62483039e-06
 -1.81756283e-06  5.26527733e-06  1.33772206e-06 -4.87805358e-06
 -8.11487354e-07  4.46690438e-06  2.79620726e-07 -4.04002176e-06
  2.16256260e-07  3.60755769e-06 -6.39975930e-07 -3.17898136e-06
  9.66290401e-07  2.76172108e-06 -1.18398919e-06 -2.36103460e-06
  1.29581840e-06  1.97991731e-06 -1.31615606e-06 -1.61862874e-06
  1.26804288e-06  1.27475317e-06 -1.17998431e-06 -9.44445818e-07
  1.08190887e-06  6.23977897e-07 -1.00041013e-06 -3.10210771e-07
  9.54733367e-07]"
6,7,0.5309288513741683,0.8687401237044328,-4.226257018305621,1.685033247604796,-2.914408513771404,0.2283319732376058,0.4406783367132733,0.0617209010664402,"[ 1.27411592e-02  1.08743893e-03 -2.35787217e-02 -2.95027457e-03
  2.15838149e-02  4.50910975e-03 -1.95442495e-02 -5.77713074e-03
  1.75029714e-02  6.77194036e-03 -1.54980707e-02 -7.51468581e-03
  1.35619551e-02  8.02910382e-03 -1.17208841e-02 -8.34054704e-03
  9.99486211e-03  8.47505113e-03 -8.39785901e-03 -8.45849232e-03
  6.93830182e-03  8.31587213e-03 -5.61976482e-03 -8.07075150e-03
  4.44177957e-03  7.74484194e-03 -3.40068802e-03 -7.35774839e-03
  2.49047104e-03  6.92684850e-03 -1.70349854e-03 -6.46728544e-03
  1.03116443e-03  5.99204774e-03 -4.64387310e-04 -5.51210872e-03
 -6.02618567e-06  5.03659990e-03  3.89144084e-04 -4.57299665e-03
 -6.93777002e-04  4.12729940e-03  9.28424169e-04 -3.70419956e-03
 -1.10126869e-03  3.30722458e-03  1.22019493e-03 -2.93886149e-03
 -1.29280554e-03  2.60066204e-03  1.32642207e-03 -2.29333473e-03
 -1.32806040e-03  2.01682990e-03  1.30437933e-03 -1.77042414e-03
 -1.26160669e-03  1.55280845e-03  1.20545167e-03 -1.36218325e-03
 -1.14101484e-03  1.19636054e-03  1.07270753e-03 -1.05287200e-03
 -1.00419140e-03  9.29079747e-04  9.38346305e-04 -8.22285272e-04
 -8.77271141e-04  7.29831900e-04  8.22318967e-04 -6.49195822e-04
 -7.74163789e-04  5.78061754e-04  7.32893636e-04 -5.14380221e-04
 -6.98122298e-04  4.56404920e-04  6.69110862e-04 -4.02710068e-04
 -6.44890041e-04  3.52189028e-04  6.24374931e-04 -3.04036735e-04
 -6.06465348e-04  2.57719303e-04  5.90126843e-04 -2.12934682e-04
 -5.74449729e-04  1.69568417e-04  5.58685678e-04 -1.27648253e-04
 -5.42263413e-04  8.73008614e-05  5.24786607e-04 -4.87131951e-05
 -5.06018117e-04  1.21001437e-05  4.85855202e-04  2.23206883e-05
 -4.64300285e-04 -5.43470550e-05  4.41431353e-04  8.38036003e-05
 -4.17375234e-04 -1.10547920e-04  3.92285970e-04  1.34472493e-04
 -3.66329425e-04 -1.55503880e-04  3.39674252e-04  1.73600507e-04
 -3.12488486e-04 -1.88750107e-04  2.84940459e-04  2.00967594e-04
 -2.57202345e-04 -2.10293799e-04  2.29454621e-04  2.16795154e-04
 -2.01889843e-04 -2.20564147e-04  1.74714532e-04  2.21720150e-04
 -1.48148394e-04 -2.20410129e-04  1.22420626e-04  2.16808720e-04
 -9.77635308e-05 -2.11117260e-04  7.44040806e-05  2.03561478e-04
 -5.25543144e-05 -1.94387757e-04  3.24016085e-05  1.83858051e-04
 -1.40998222e-05 -1.72243716e-04 -2.23781166e-06  1.59818631e-04
  1.65434157e-05 -1.46852057e-04 -2.87964605e-05  1.33601713e-04
  3.90229582e-05 -1.20307492e-04 -4.72920646e-05  1.07186173e-04
  5.37105146e-05 -9.44274067e-05 -5.84154725e-05  8.21911071e-05
  6.15664572e-05 -7.06062845e-05 -6.33370140e-05  5.97712442e-05
  6.39067455e-05 -4.97549838e-05 -6.34542099e-05  4.05995560e-05
  6.21510520e-05 -3.23231260e-05 -6.01575750e-05  2.49234401e-05
  5.76198042e-05 -1.83814370e-05 -5.46679564e-05  1.26647720e-05
  5.14161185e-05 -7.73107108e-06 -4.79628683e-05  3.53079597e-06
  4.43925358e-05 -9.65570673e-09 -4.07768087e-05 -2.88944249e-06
  3.71764194e-05  5.22486964e-06 -3.36427079e-05 -7.05511494e-06
  3.02189242e-05  8.43791045e-06 -2.69412017e-05 -9.42955940e-06
  2.38392005e-05  1.00843952e-05 -2.09364686e-05 -1.04543136e-05
  1.82506044e-05  1.05883416e-05 -1.57933216e-05 -1.05322245e-05
  1.35705163e-05  1.03280346e-05 -1.15824207e-05 -1.00138122e-05
  9.82390700e-06  9.62326424e-06 -8.28497214e-06 -9.18554143e-06
  6.95140703e-06  8.72511732e-06 -5.80562650e-06 -8.26178267e-06
  4.82761621e-06  7.81076286e-06 -3.99593957e-06 -7.38295700e-06
  3.28874254e-06  6.98528995e-06 -2.68469494e-06 -6.62116210e-06
  2.16381324e-06  6.29097584e-06 -1.70812089e-06 -5.99271284e-06
  1.30211636e-06  5.72253246e-06 -9.33035743e-07 -5.47535996e-06
  5.90914136e-07  5.24543335e-06 -2.68466904e-07 -5.02678169e-06
 -3.91737017e-08  4.81361503e-06  3.34821541e-07 -4.60061574e-06
 -6.19650498e-07  4.38313227e-06  8.93613274e-07 -4.15728625e-06
 -1.15582787e-06  3.92001111e-06  1.40490710e-06 -3.66904303e-06
 -1.63921996e-06  3.40288331e-06  1.85708547e-06 -3.12074628e-06
 -2.05690760e-06  2.82250015e-06  2.23726331e-06 -2.50860266e-06
 -2.39695418e-06  2.18003006e-06  2.53502968e-06 -1.83819868e-06
 -2.65078639e-06  1.48488034e-06  2.74374652e-06 -1.12211628e-06
 -2.81361941e-06  7.52136646e-07  2.86025222e-06 -3.77291912e-07
 -2.88357910e-06]"
7,8,6.539821290411113,-0.6008964190265558,0.8549353610158033,1.396487087461673,-0.7102345252450153,0.1048327256769947,1.1772117635633177,0.7186894420013651,"[ 1.28575973e-02  1.28788017e-03 -2.28924389e-02 -3.39552173e-03
  1.87175542e-02  4.88537642e-03 -1.39997358e-02 -5.64992100e-03
  9.50663836e-03  5.63931997e-03 -5.78859294e-03 -4.88980059e-03
  3.09815126e-03  3.54347186e-03 -1.41150238e-03 -1.84135875e-03
  5.22431970e-04  8.38606330e-05 -1.60737377e-04  1.43204817e-03
  8.94249138e-05 -2.47884802e-03 -1.53763490e-04  2.94581869e-03
  2.80022331e-04 -2.85290434e-03 -4.41687936e-04  2.32880147e-03
  6.19257820e-04 -1.56336689e-03 -7.75431985e-04  7.51901876e-04
  8.55003846e-04 -4.91067978e-05 -8.04860986e-04 -4.55620466e-04
  6.00380905e-04  7.39112887e-04 -2.63167573e-04 -8.27553224e-04
 -1.39262067e-04  7.72279793e-04  5.12152693e-04 -6.28455845e-04
 -7.62772927e-04  4.42708138e-04  8.28669153e-04 -2.50414303e-04
 -6.94718637e-04  7.90323054e-05  3.94078170e-04  4.77335415e-05
  5.41019000e-06 -1.08926021e-04 -4.22886562e-04  8.95750544e-05
  7.86039408e-04  1.36798874e-05 -1.04598073e-03 -1.88043630e-04
  1.18248845e-03  4.04216235e-04 -1.20058383e-03 -6.21466720e-04
  1.12204112e-03  7.96926545e-04 -9.76061561e-04 -8.96075034e-04
  7.92221391e-04  9.00912761e-04 -5.96815429e-04 -8.13275976e-04
  4.11906087e-04  6.52610386e-04 -2.55476765e-04 -4.49460244e-04
  1.41245086e-04  2.37179799e-04 -7.75713847e-05 -4.45554961e-05
  6.59020165e-05 -1.08767404e-04 -9.97789387e-05  2.13470221e-04
  1.65381931e-04 -2.69015163e-04 -2.43954466e-04  2.80741759e-04
  3.15649406e-04 -2.57007123e-04 -3.63715289e-04  2.07254808e-04
  3.77789801e-04 -1.41169454e-04 -3.55403437e-04  6.84914023e-05
  3.01440804e-04  1.15024496e-06 -2.25973441e-04 -5.88551143e-05
  1.41311385e-04  9.75827410e-05 -5.91970162e-05 -1.13455312e-04
 -1.11805916e-05  1.06683499e-04  6.40868921e-05 -8.16413077e-05
 -9.71910081e-05  4.59172641e-05  1.10933105e-04 -8.55018596e-06
 -1.07713144e-04 -2.20479098e-05  9.11771869e-05  3.98842118e-05
 -6.56894313e-05 -4.24194363e-05  3.59284571e-05  3.06455825e-05
 -6.49257379e-06 -8.31714488e-06 -1.85576364e-05 -1.93250016e-05
  3.61961539e-05  4.69140524e-05 -4.48578177e-05 -7.00429052e-05
  4.46535134e-05  8.58763506e-05 -3.72732789e-05 -9.32736589e-05
  2.55667045e-05  9.25437742e-05 -1.28911050e-05 -8.50149385e-05
  2.38893806e-06  7.25837082e-05  3.62805965e-06 -5.73444697e-05
 -4.05089321e-06  4.13282500e-05 -9.58164059e-07 -2.63292661e-05
  1.01750604e-05  1.37816783e-05 -2.17105858e-05 -4.66175859e-06
  3.34736862e-05 -5.84402125e-07 -4.35889562e-05  2.06791914e-06
  5.06908684e-05 -4.15518587e-07 -5.40633878e-05 -3.35095558e-06
  5.36353889e-05  8.00172589e-06 -4.98698184e-05 -1.23194265e-05
  4.35948789e-05  1.53076771e-05 -3.58214858e-05 -1.63452454e-05
  2.75788217e-05  1.52574245e-05 -1.97852370e-05 -1.22969735e-05
  1.31596489e-05  8.04752080e-06 -8.17113749e-06 -3.27733055e-06
  5.02158437e-06 -1.22200793e-06 -3.65641634e-06  4.77920156e-06
  3.79974094e-06 -6.94475861e-06 -5.01062132e-06  7.53792078e-06
  6.75599991e-06 -6.63910562e-06 -8.49300382e-06  4.53844073e-06
  9.75016754e-06 -1.65762740e-06 -1.01951094e-05 -1.53562307e-06
  9.67684873e-06  4.60372554e-06 -8.23487885e-06 -7.19464537e-06
  6.07372916e-06  9.07221869e-06 -3.50936169e-06 -1.01232069e-05
  9.00067026e-07  1.03469642e-05  1.42244923e-06 -9.83482425e-06
 -3.20733850e-06  8.74513281e-06  4.31482324e-06 -7.27745048e-06
 -4.72003092e-06  5.64721829e-06  4.49493403e-06 -4.06114532e-06
 -3.77733508e-06  2.69398643e-06  2.73687587e-06 -1.66867816e-06
 -1.54593514e-06  1.04297000e-06  3.59348517e-07 -8.05770514e-07
  6.97084416e-07  8.85005981e-07 -1.53187389e-06 -1.16618410e-06
  2.08993844e-06  1.51798490e-06 -2.35334668e-06 -1.81916832e-06
  2.34063632e-06  1.98070014e-06 -2.10327406e-06 -1.95843209e-06
  1.71772521e-06  1.75442455e-06 -1.27283102e-06 -1.40811395e-06
  8.54120041e-07  9.80985509e-07 -5.28356915e-07 -5.39519618e-07
  3.32226260e-07  1.40778466e-07 -2.68220085e-07  1.76551287e-07
  3.08807640e-07 -3.94866571e-07 -4.07544901e-07  5.15105836e-07
  5.13793354e-07 -5.51032674e-07 -5.86825079e-07  5.22637276e-07
  6.05522465e-07 -4.50470065e-07 -5.71401780e-07  3.51893843e-07
  5.04744014e-07 -2.39424348e-07 -4.35555319e-07  1.20773759e-07
  3.92380420e-07]"
8,9,4.444139751662155,1.273670496192938,2.127955419057173,2.623508269363257,-0.2104214749204729,1.3290590337938273,0.936934655158172,0.7036946773529615,"[ 1.28530191e-02  1.04132539e-03 -2.29222505e-02 -2.59356232e-03
  1.88776308e-02  3.36686245e-03 -1.44018282e-02 -3.40056386e-03
  1.02217260e-02  2.94164341e-03 -6.77073736e-03 -2.29369657e-03
  4.16161501e-03  1.68587112e-03 -2.28905439e-03 -1.21926697e-03
  9.73679082e-04  8.90658606e-04 -6.66399423e-05 -6.52088854e-04
 -5.16885517e-04  4.60572799e-04  8.17130116e-04 -2.96505070e-04
 -8.63025006e-04  1.57751951e-04  6.91143525e-04 -4.86959465e-05
 -3.46351483e-04 -2.32920766e-05 -1.23617037e-04  4.56425769e-05
  6.68233864e-04 -1.88007961e-06 -1.22882860e-03 -1.18500898e-04
  1.73678361e-03  3.06562574e-04 -2.12299212e-03 -5.27817045e-04
  2.33684719e-03  7.30887227e-04 -2.36402240e-03 -8.68114456e-04
  2.23120970e-03  9.16463572e-04 -1.99353956e-03 -8.86225049e-04
  1.71093344e-03  8.12534643e-04 -1.42586395e-03 -7.35161729e-04
  1.15328452e-03  6.78424985e-04 -8.85742291e-04 -6.41872967e-04
  6.08295954e-04  6.05147319e-04 -3.13759802e-04 -5.42315457e-04
  1.05344144e-05  4.36766326e-04  2.79264638e-04 -2.89192568e-04
 -5.28299772e-04  1.16312163e-04  7.13636434e-04  5.68623442e-05
 -8.23058226e-04 -2.06080092e-04  8.56556409e-04  3.14139118e-04
 -8.24107855e-04 -3.73110374e-04  7.41879240e-04  3.83588594e-04
 -6.28502593e-04 -3.52768946e-04  5.02043872e-04  2.92405783e-04
 -3.77668159e-04 -2.16663835e-04  2.66038134e-04  1.39535673e-04
 -1.72754835e-04 -7.20253223e-05  9.91158939e-05  2.00310916e-05
 -4.39677953e-05  1.60073709e-05  5.81017007e-06 -3.93777055e-05
  1.59007842e-05  5.41180936e-05 -2.08548778e-05 -6.23836665e-05
  9.14161271e-06  6.35317051e-05  1.73034970e-05 -5.52455484e-05
 -5.40957468e-05  3.58095055e-05  9.50945760e-05 -6.05177125e-06
 -1.34016886e-04 -3.01882376e-05  1.66066995e-04  6.72333301e-05
 -1.88762033e-04 -9.95940835e-05  2.01700912e-04  1.23695397e-04
 -2.05658353e-04 -1.38507063e-04  2.01674917e-04  1.45020050e-04
 -1.90635982e-04 -1.45125319e-04  1.73388785e-04  1.40608159e-04
 -1.51078983e-04 -1.32684703e-04  1.25324648e-04  1.22064735e-04
 -9.80633736e-05 -1.09240352e-04  7.11936357e-05  9.47037620e-05
 -4.62649125e-05 -7.89934915e-05  2.43851500e-05  6.26557578e-05
 -6.31654835e-06 -4.62488304e-05 -7.40601644e-06  3.04227531e-05
  1.64777160e-05 -1.59906525e-05 -2.09508960e-05  3.88103714e-06
  2.13581062e-05  5.05836051e-06 -1.86854057e-05 -1.03185233e-05
  1.41540180e-05  1.19058950e-05 -8.90612468e-06 -1.03392675e-05
  3.75762301e-06  6.47549478e-06  8.66437540e-07 -1.26445958e-06
 -4.81703840e-06 -4.44797108e-06  8.03364497e-06  1.00048042e-05
 -1.04124210e-05 -1.49249051e-05  1.17969573e-05  1.88540452e-05
 -1.20662017e-05 -2.15363894e-05  1.12359020e-05  2.28223938e-05
 -9.49604867e-06 -2.26909772e-05  7.16119027e-06  2.12539601e-05
 -4.56911862e-06 -1.87285830e-05  1.98838934e-06  1.53892635e-05
  4.22068573e-07 -1.15219977e-05 -2.59709414e-06  7.39786978e-06
  4.52035284e-06 -3.26552167e-06 -6.18371757e-06 -6.49400494e-07
  7.56908094e-06  4.14936632e-06 -8.65043048e-06 -7.07696628e-06
  9.40338650e-06  9.32738601e-06 -9.81169768e-06 -1.08533732e-05
  9.86881418e-06  1.16600245e-05 -9.57901313e-06 -1.17934666e-05
  8.96250396e-06  1.13302912e-05 -8.06401287e-06 -1.03719058e-05
  6.95908552e-06  9.04240692e-06 -5.75101439e-06 -7.48459262e-06
  4.55540045e-06  5.84925814e-06 -3.47664936e-06 -4.27764053e-06
  2.58633663e-06  2.88243871e-06 -1.91316531e-06 -1.73527212e-06
  1.44797493e-06  8.65918309e-07 -1.15912356e-06 -2.72721471e-07
  1.00894884e-06 -6.21017587e-08 -9.63478291e-07  1.60507571e-07
  9.93325589e-07 -4.54466134e-08 -1.06953446e-06 -2.54014510e-07
  1.16046175e-06  6.95151924e-07 -1.23376966e-06 -1.21898313e-06
  1.26310546e-06  1.75648920e-06 -1.23528872e-06 -2.24150525e-06
  1.15329093e-06  2.62383926e-06 -1.03310888e-06 -2.87655008e-06
  8.96499186e-07  2.99547009e-06 -7.63560875e-07 -2.99335566e-06
  6.48211913e-07  2.89251732e-06 -5.57079962e-07 -2.71846355e-06
  4.90498322e-07  2.49516564e-06 -4.44211045e-07 -2.24171103e-06
  4.11284296e-07  1.97029134e-06 -3.84284186e-07 -1.68575627e-06
  3.57560201e-07  1.38692740e-06 -3.28988348e-07 -1.06959118e-06
  3.00436141e-07  7.30562316e-07 -2.76658723e-07 -3.71415536e-07
  2.63024833e-07]"
9,10,5.613718236896874,1.8940437101119183,-1.0326349412398237,-1.6798677933702295,-4.637768791744406,1.3587621817939164,1.2957818107366148,0.15729157063039,"[ 1.29344712e-02  2.21808051e-03 -2.24560209e-02 -5.35657890e-03
  1.71099620e-02  6.53980160e-03 -1.14886442e-02 -6.00692442e-03
  6.89225552e-03  4.57427359e-03 -3.81128492e-03 -3.08966397e-03
  1.98295898e-03  2.02088205e-03 -7.99199306e-04 -1.37610605e-03
 -2.51791781e-04  9.03873716e-04  1.35867826e-03 -3.64987244e-04
 -2.42324581e-03 -3.12463434e-04  3.23862951e-03  1.04778434e-03
 -3.64892011e-03 -1.71471183e-03  3.60621679e-03  2.22737030e-03
 -3.14510377e-03 -2.54925748e-03  2.34344368e-03  2.65228374e-03
 -1.31378876e-03 -2.49049307e-03  2.14262923e-04  2.02532856e-03
  7.61872892e-04 -1.28174111e-03 -1.43956037e-03  3.80571048e-04
  1.73477248e-03  4.90863688e-04 -1.69582853e-03 -1.15848168e-03
  1.47730664e-03  1.53960263e-03 -1.25669143e-03 -1.66797645e-03
  1.14428944e-03  1.65244093e-03 -1.14098880e-03 -1.60129744e-03
  1.16453842e-03  1.56348601e-03 -1.11962451e-03 -1.51973006e-03
  9.62560287e-04  1.41916599e-03 -7.22129552e-04 -1.22837131e-03
  4.72093637e-04  9.58244566e-04 -2.81909645e-04 -6.56023042e-04
  1.80345445e-04  3.75496862e-04 -1.50956758e-04 -1.49812973e-04
  1.54089755e-04 -1.64512688e-05 -1.55037415e-04  1.36385352e-04
  1.39852350e-04 -2.23905072e-04 -1.13548552e-04  2.84107782e-04
  8.81558389e-05 -3.14910924e-04 -7.19183105e-05  3.14616490e-04
  6.59065961e-05 -2.87221366e-04 -6.67283508e-05  2.41511342e-04
  7.02118364e-05 -1.86234010e-04 -7.25926032e-05  1.26499187e-04
  6.97911468e-05 -6.44055205e-05 -5.75763595e-05  2.48581482e-06
  3.40565775e-05  5.39675448e-05 -2.83299680e-06 -9.83305726e-05
 -2.64716544e-05  1.26820882e-04  4.20512067e-05 -1.41746309e-04
 -3.63803236e-05  1.50715016e-04  1.10896327e-05 -1.61902981e-04
  2.32985374e-05  1.78646509e-04 -5.29221549e-05 -1.97236792e-04
  6.79728079e-05  2.09457236e-04 -6.73292349e-05 -2.08020004e-04
  5.78391535e-05  1.91174999e-04 -4.92345695e-05 -1.63611562e-04
  4.82473310e-05  1.33487616e-04 -5.54739513e-05 -1.07913773e-04
  6.62888088e-05  8.98282888e-05 -7.44366851e-05 -7.78050401e-05
  7.56433569e-05  6.82175121e-05 -6.92201389e-05 -5.78844444e-05
  5.73686775e-05  4.55348174e-05 -4.33351502e-05 -3.16609177e-05
  2.98534447e-05  1.74936043e-05 -1.85867397e-05 -4.14631165e-06
  1.03300065e-05 -7.56013464e-06 -5.31672150e-06  1.68380089e-05
  3.23823192e-06 -2.28151461e-05 -3.11849890e-06  2.48589308e-05
  3.44750762e-06 -2.31051757e-05 -2.75586030e-06  1.86740647e-05
  3.58671717e-07 -1.32657153e-05  3.25539082e-06  8.32833365e-06
 -6.72738386e-06 -4.35437903e-06  8.67831132e-06  7.93563347e-07
 -8.56326832e-06  3.36385771e-06  6.97886511e-06 -8.74615753e-06
 -5.25360330e-06  1.50687434e-05  4.62964277e-06 -2.12313779e-05
 -5.57994525e-06  2.59211966e-05  7.65815156e-06 -2.82894321e-05
 -9.89223557e-06  2.82856726e-05  1.13952604e-05 -2.65147268e-05
 -1.17918103e-05  2.37980841e-05  1.12524807e-05 -2.07614266e-05
 -1.02162154e-05  1.76755617e-05  9.05362609e-06 -1.45611615e-05
 -7.89322660e-06  1.13991936e-05  6.66570798e-06 -8.26998711e-06
 -5.26469448e-06  5.34888743e-06  3.67737745e-06 -2.81052186e-06
 -2.00445670e-06  7.45411392e-07  3.91467423e-07  8.46415899e-07
  1.04814250e-06 -1.99959169e-06 -2.25599579e-06  2.72961935e-06
  3.19877420e-06 -3.03048637e-06 -3.83282034e-06  2.91770409e-06
  4.10539538e-06 -2.46913303e-06 -3.99256721e-06  1.82120316e-06
  3.53757213e-06 -1.11876790e-06 -2.85171419e-06  4.55311858e-07
  2.06987603e-06  1.52803127e-07 -1.28951859e-06 -7.40937515e-07
  5.36616961e-07  1.34023650e-06  2.17902306e-07 -1.93225459e-06
 -1.00578074e-06  2.44512387e-06  1.81268737e-06 -2.79136416e-06
 -2.56668176e-06  2.91877580e-06  3.16888915e-06 -2.83875169e-06
 -3.54298369e-06  2.61471531e-06  3.67024851e-06 -2.32286198e-06
 -3.59008517e-06  2.01480875e-06  3.37068758e-06 -1.70491761e-06
 -3.07236211e-06  1.38366877e-06  2.72567331e-06 -1.04194307e-06
 -2.33295549e-06  6.88684732e-07  1.88666350e-06 -3.52318110e-07
 -1.38956543e-06  6.76497592e-08  8.63034697e-07  1.40957947e-07
 -3.40035937e-07 -2.68279125e-07 -1.48487434e-07  3.24777682e-07
  5.81829171e-07 -3.26463498e-07 -9.48036594e-07  2.86491301e-07
  1.23774761e-06 -2.13253805e-07 -1.44036559e-06  1.14117196e-07
  1.54515157e-06]"
10,11,9.251967658763766,-1.1689576077187596,2.6164175048886698,-2.634884749665277,1.0123332177841968,0.7316261392554289,0.2109483619312136,0.4385522628085062,"[ 1.28680845e-02  3.39424479e-03 -2.28241639e-02 -8.90658079e-03
  1.83436153e-02  1.27408312e-02 -1.29930988e-02 -1.47281664e-02
  7.46899188e-03  1.49253340e-02 -2.37492628e-03 -1.35845730e-02
 -1.83424680e-03  1.11023190e-02  4.87516879e-03 -7.95268056e-03
 -6.63477981e-03  4.61665997e-03  7.15470342e-03 -1.51975803e-03
 -6.60603418e-03 -1.01239026e-03  5.25543242e-03  2.77663053e-03
 -3.42342683e-03 -3.69508403e-03  1.43890152e-03  3.80306219e-03
  4.03344389e-04 -3.22718693e-03 -1.87498001e-03  2.15756381e-03
  2.83237497e-03 -8.16920226e-04 -3.22054360e-03 -5.70353275e-04
  3.06550890e-03  1.80587251e-03 -2.45867052e-03 -2.73833775e-03
  1.53632594e-03  3.27580106e-03 -4.56927229e-04 -3.38864133e-03
 -6.21434071e-04  3.10439079e-03  1.56070815e-03 -2.49650100e-03
 -2.25743301e-03  1.66936463e-03  2.65082169e-03 -7.41766117e-04
 -2.72436600e-03 -1.69254149e-04  2.50195149e-03  9.62316831e-04
 -2.03989876e-03 -1.56193044e-03  1.41632838e-03  1.92416503e-03
 -7.19185019e-04 -2.03769616e-03  3.43581455e-05  1.92084366e-03
  5.64552352e-04 -1.61562754e-03 -1.02347937e-03  1.17994644e-03
  1.31144618e-03 -6.78915858e-04 -1.42062005e-03  1.76354242e-04
  1.36371410e-03  2.72606831e-04 -1.16976032e-03 -6.26912317e-04
  8.79010672e-04  8.62411629e-04 -5.37368532e-04 -9.72071203e-04
  1.90641374e-04  9.64032785e-04  1.20903018e-04 -8.58277370e-04
 -3.66936966e-04  6.82643117e-04  5.29680067e-04 -4.68721621e-04
 -6.04327244e-04  2.47927056e-04  5.97492230e-04 -4.79524941e-05
 -5.24343149e-04 -1.10105748e-04  4.05254288e-04  2.13599861e-04
 -2.62606976e-04 -2.58868245e-04  1.18040768e-04  2.50413305e-04
  9.78442422e-06 -1.98994087e-04 -1.06901455e-04  1.19141555e-04
  1.65132171e-04 -2.66412925e-05 -1.82420834e-04 -6.36173858e-05
  1.62329977e-04  1.39244516e-04 -1.12801143e-04 -1.91390885e-04
  4.44606578e-05  2.15276514e-04  3.11732980e-05 -2.10242708e-04
 -1.03278266e-04  1.79347766e-04  1.62933413e-04 -1.28554970e-04
 -2.03890748e-04  6.56300846e-05  2.22928915e-04  1.07066859e-06
 -2.19828136e-04 -6.37255960e-05  1.97011972e-04  1.15931537e-04
 -1.58921778e-04 -1.53268338e-04  1.11222445e-04  1.73536464e-04
 -5.99621032e-05 -1.76704786e-04  1.08052434e-05  1.64623984e-04
  3.15720172e-05 -1.40567877e-04 -6.38783047e-05  1.08671792e-04
  8.43856546e-05 -7.33437698e-05 -9.29053875e-05  3.87234564e-05
  9.05916394e-05 -8.24951513e-06 -7.96160943e-05 -1.56277088e-05
  6.27689275e-05  3.15773720e-05 -4.30458600e-05 -3.93724485e-05
  2.32749720e-05  3.97496100e-05 -5.82092095e-06 -3.41761724e-05
 -7.61448943e-06  2.45630287e-05  1.60907343e-05 -1.29668906e-05
 -1.94293437e-05  1.32282096e-06  1.81258457e-05  8.76276985e-06
 -1.31892544e-05 -1.61446374e-05  5.93566044e-06  2.01976634e-05
  2.22935258e-06 -2.08116852e-05 -1.00044942e-05  1.83332504e-05
  1.63374286e-05 -1.34643676e-05 -2.05104977e-05  7.12960634e-06
  2.21717003e-05 -3.27768082e-07 -2.13220664e-05 -6.01043279e-06
  1.82701678e-05  1.11366230e-05 -1.35611240e-05 -1.45553982e-05
  7.88616670e-06  1.60472412e-05 -1.98151208e-06 -1.56508323e-05
 -3.47031594e-06  1.36179680e-05  7.92163201e-06 -1.03541200e-05
 -1.10112771e-05  6.35370482e-06  1.25823162e-05 -2.13533826e-06
 -1.26693658e-05 -1.81886805e-06  1.14644742e-05  5.11494563e-06
 -9.27150401e-06 -7.48373591e-06  6.45686500e-06  8.79788582e-06
 -3.40165430e-06 -9.06798597e-06  4.58591305e-07  8.42094603e-06
  2.08317799e-06 -7.06676717e-06 -4.02231117e-06  5.26067902e-06
  5.25621393e-06 -3.26650795e-06 -5.77825933e-06  1.32528929e-06
  5.66319703e-06  3.68477157e-07 -5.04451657e-06 -1.68162239e-06
  4.08825558e-06  2.54771511e-06 -2.96737999e-06 -2.96361658e-06
  1.83987377e-06  2.97879194e-06 -8.32540869e-07 -2.67983871e-06
  3.14803782e-08  2.17302528e-06  5.20726208e-07 -1.56740893e-06
 -8.21883408e-07  9.60539387e-07  9.02490634e-07 -4.28099615e-07
 -8.15206706e-07  1.82042079e-08  6.23220158e-07  2.49552774e-07
 -3.89117736e-07 -3.80847836e-07  1.65613074e-07  4.00283094e-07
  1.07804426e-08 -3.43383882e-07 -1.22451768e-07  2.48392853e-07
  1.69680076e-07 -1.49075686e-07 -1.66522095e-07  6.94132393e-08
  1.34802627e-07 -2.07342230e-08 -9.76539052e-08  1.54807064e-09
  7.38675986e-08]"
11,12,9.448420971140422,-2.1749410362360173,0.0146228978392928,1.9446671590173328,0.6580655927254728,1.1945699488585766,0.8021115076322377,0.5251741881936974,"[ 1.30434283e-02 -1.58105980e-03 -2.18476929e-02  3.16990259e-03
  1.50099435e-02 -2.29045149e-03 -8.67443773e-03 -9.46827770e-05
  4.99449304e-03  2.03623084e-03 -4.20536307e-03 -2.01335588e-03
  4.94580555e-03 -1.02953795e-04 -5.43652776e-03  3.09411653e-03
  4.63966653e-03 -5.27610686e-03 -2.70588573e-03  5.55036866e-03
  5.90458588e-04 -3.95827310e-03  7.47244752e-04  1.48863399e-03
 -9.77208127e-04  6.19754155e-04  5.05821283e-04 -1.58485935e-03
 -9.49341597e-05  1.39284958e-03  3.22659866e-04 -6.20265209e-04
 -1.24644113e-03 -2.71328012e-05  2.43649212e-03  1.36847115e-04
 -3.29494735e-03  2.54662745e-04  3.42480666e-03 -7.99093170e-04
 -2.82881143e-03  1.12151411e-03  1.85611148e-03 -1.05807479e-03
 -9.70145016e-04  7.19819453e-04  4.94977114e-04 -3.80130823e-04
 -4.79550863e-04  2.82659363e-04  7.30742466e-04 -4.93556685e-04
 -9.67432596e-04  8.76676346e-04  9.91935802e-04 -1.19011689e-03
 -7.83154689e-04  1.23495769e-03  4.73266450e-04 -9.66057622e-04
 -2.39507673e-04  5.05819274e-04  1.85999923e-04 -6.25632907e-05
 -2.86775307e-04 -1.90738954e-04  4.16912803e-04  2.04242513e-04
 -4.43017790e-04 -5.89633083e-05  3.10985086e-04 -1.00505762e-04
 -7.64255144e-05  1.59510069e-04 -1.36388020e-04 -9.42549802e-05
  2.15414238e-04 -3.18371571e-05 -1.27956387e-04  1.24750573e-04
 -6.60180134e-05 -1.26607980e-04  2.57045315e-04  4.90119989e-05
 -3.53419133e-04  4.35743212e-05  3.29175422e-04 -8.29444718e-05
 -2.26792522e-04  4.28123358e-05  1.19822943e-04  4.79871959e-05
 -6.43281220e-05 -1.29178366e-04  7.02294175e-05  1.49930148e-04
 -1.06240708e-04 -9.90504017e-05  1.28935473e-04  7.23189424e-06
 -1.13235301e-04  7.59775137e-05  6.49497855e-05 -1.12669353e-04
 -1.09632607e-05  9.51561134e-05 -2.23426484e-05 -4.39343472e-05
  2.63896848e-05 -9.64787204e-06 -1.31675686e-05  4.26873652e-05
  4.37218582e-06 -5.04208256e-05 -1.62180857e-05  4.31276428e-05
  5.00964889e-05 -3.53963343e-05 -9.36340799e-05  3.61076598e-05
  1.29512235e-04 -4.48391778e-05 -1.45410515e-04  5.50125323e-05
  1.39300149e-04 -5.99865205e-05 -1.18304032e-04  5.75916871e-05
  9.33009674e-05 -5.07680716e-05 -7.31241997e-05  4.48897013e-05
  6.13264642e-05 -4.41111813e-05 -5.63252615e-05  4.90166514e-05
  5.38564690e-05 -5.65856521e-05 -4.99098043e-05  6.20630704e-05
  4.26566385e-05 -6.14846004e-05 -3.27656934e-05  5.35547162e-05
  2.23773235e-05 -4.00881497e-05 -1.35440159e-05  2.49685853e-05
  7.03751210e-06 -1.22424400e-05 -2.10982381e-06  4.31411112e-06
 -2.76798946e-06 -1.10470136e-06  8.71451716e-06  5.13734338e-07
 -1.55634476e-05  1.68703222e-07  2.18609212e-05 -2.74012334e-06
 -2.57319386e-05  7.29383535e-06  2.60563219e-05 -1.25084004e-05
 -2.32010231e-05  1.67033947e-05  1.88524473e-05 -1.89245581e-05
 -1.50772146e-05  1.93939877e-05  1.32183753e-05 -1.91422436e-05
 -1.32973397e-05  1.91807337e-05  1.42250150e-05 -1.98169660e-05
 -1.46018079e-05  2.05381281e-05  1.35581703e-05 -2.04598189e-05
 -1.11421187e-05  1.89718234e-05  8.11134667e-06 -1.61407473e-05
 -5.36820561e-06  1.26512048e-05  3.44153126e-06 -9.39051955e-06
 -2.30591990e-06  6.98126339e-06  1.56321419e-06 -5.53890914e-06
 -7.90574110e-07  4.74246285e-06 -1.89903530e-07 -4.10772965e-06
  1.25558294e-06  3.26854268e-06 -2.11753254e-06 -2.12078233e-06
  2.52050621e-06  7.99060614e-07 -2.38496379e-06  4.50604996e-07
  1.83457742e-06 -1.41137563e-06 -1.12503743e-06  1.98566699e-06
  5.27606246e-07 -2.21416808e-06 -2.21826349e-07  2.23459262e-06
  2.35009194e-07 -2.20609748e-06 -4.46452033e-07  2.23209464e-06
  6.53533693e-07 -2.31535100e-06 -6.73238433e-07  2.36872891e-06
  4.33195802e-07 -2.27892259e-06 -5.62903347e-09  1.98902522e-06
 -4.35961167e-07 -1.54965137e-06  7.14439180e-07  1.10325813e-06
 -7.44640414e-07 -8.07064284e-07  5.70814333e-07  7.40804898e-07
 -3.26037981e-07 -8.57797545e-07  1.42935317e-07  1.01143242e-06
 -7.43452833e-08 -1.04121890e-06  7.28624740e-08  8.65109065e-07
 -3.73683041e-08 -5.22463494e-07 -1.08706438e-07  1.44790242e-07
  3.60215947e-07  1.23744072e-07 -6.29678860e-07 -2.06055335e-07
  8.00598954e-07  1.26574578e-07 -7.99136320e-07  1.45986165e-08
  6.39993353e-07 -1.07055429e-07 -4.20383268e-07  9.42004658e-08
  2.67056149e-07]"
12,13,4.400457889872013,0.9646502678394137,-2.8508491506224463,1.053811529078768,4.328189915264675,0.0431213204984937,0.2080130858601998,1.0742369109986727,"[ 1.28491622e-02  3.05168892e-03 -2.29375648e-02 -8.01257133e-03
  1.88431275e-02  1.14937191e-02 -1.40430551e-02 -1.33945508e-02
  9.15951379e-03  1.38316037e-02 -4.71610676e-03 -1.30854299e-02
  1.07954169e-03  1.15310432e-02  1.56300816e-03 -9.56671372e-03
 -3.19640255e-03  7.55159402e-03  3.94703445e-03 -5.75940589e-03
 -4.03674764e-03  4.35285337e-03  3.72962548e-03 -3.38013369e-03
 -3.28078535e-03  2.79100532e-03  2.89507046e-03 -2.46678875e-03
 -2.70068557e-03  2.25732940e-03  2.73987091e-03 -2.01793183e-03
 -2.97629386e-03  1.63988991e-03  3.31640771e-03 -1.06957970e-03
 -3.63933320e-03  3.13612775e-04  3.82793401e-03  5.69069716e-04
 -3.79411667e-03 -1.48437889e-03  3.49407748e-03  2.32452796e-03
 -2.93267826e-03 -2.98919458e-03  2.15858241e-03  3.40300232e-03
 -1.25271644e-03 -3.52700172e-03  3.12761963e-04  3.36282767e-03
  5.63509905e-04 -2.94948530e-03 -1.29320695e-03  2.35418365e-03
  1.81921245e-03 -1.65969599e-03 -2.11572323e-03  9.50913339e-04
  2.18834653e-03 -3.02749505e-04 -2.06949391e-03 -2.29092185e-04
  1.81023329e-03  6.13456526e-04 -1.47010135e-03 -8.44614960e-04
  1.10674368e-03  9.38851704e-04 -7.67352261e-04 -9.27826448e-04
  4.83386999e-04  8.50434941e-04 -2.69083034e-04 -7.44958472e-04
  1.23236171e-04  6.42843432e-04 -3.31750983e-05 -5.64822596e-04
 -2.02481250e-05  5.19556661e-04  5.76223280e-05 -5.04585315e-04
 -9.66434712e-05  5.09068707e-04  1.49032931e-04 -5.17573742e-04
 -2.19030238e-04  5.14087710e-04  3.03504117e-04 -4.85548670e-04
 -3.93456443e-04  4.24389891e-04  4.76497750e-04 -3.29806364e-04
 -5.39759465e-04  2.07643970e-04  5.72664069e-04 -6.90268494e-05
 -5.69017595e-04 -7.19217948e-05  5.28052562e-04  2.00726785e-04
 -4.54316287e-04 -3.05005855e-04  3.56578508e-04  3.76275084e-04
 -2.46117010e-04 -4.10891533e-04  1.34788195e-04  4.10105773e-04
 -3.32378341e-05 -3.79336049e-04 -5.04828898e-05  3.26874017e-04
  1.11728331e-04 -2.62303116e-04 -1.49434621e-04  1.94935853e-04
  1.65712513e-04 -1.32532533e-04 -1.65004647e-04  8.04637071e-05
  1.53007447e-04 -4.13682391e-05 -1.35560964e-04  1.52776804e-05
  1.17682103e-04 -1.27795200e-07 -1.02876575e-04 -7.46113472e-06
  9.28151524e-05  1.12913579e-05 -8.73947009e-05 -1.47576310e-05
  8.51289513e-05  2.02342161e-05 -8.37489631e-05 -2.87693548e-05
  8.08619748e-05  4.00964182e-05 -7.45280260e-05 -5.29026905e-05
  6.36560166e-05  6.52581892e-05 -4.81754899e-05 -7.50975653e-05
  2.89908399e-05  8.06599865e-05 -7.76144319e-06 -8.08172369e-05
 -1.34286857e-05  7.52520149e-05  3.24431923e-05 -6.44789265e-05
 -4.74445350e-05  4.97242046e-05  5.71713716e-05 -3.26963690e-05
 -6.11029362e-05  1.52922410e-05  5.94890371e-05  7.07870806e-07
 -5.32479941e-05 -1.38995943e-05  4.37608960e-05  2.34226078e-05
 -3.26108053e-05 -2.90147183e-05  2.13223584e-05  3.09574733e-05
 -1.11490339e-05 -2.99414489e-05  2.93741395e-06  2.68896515e-05
  2.92223782e-06 -2.27762053e-05 -6.46624363e-06  1.84696807e-05
  8.06683119e-06 -1.46206783e-05 -8.30461225e-06  1.16036165e-05
  7.82981367e-06 -9.51346060e-06 -7.23558713e-06  8.20984254e-06
  6.96161111e-06 -7.39464513e-06 -7.23935673e-06  6.70548120e-06
  8.08275070e-06 -5.80684692e-06 -9.32028044e-06  4.46290307e-06
  1.06577856e-05 -2.58054692e-06 -1.17565646e-05  2.18074488e-07
  1.23101652e-05  2.43798689e-06 -1.21055446e-05 -5.11914365e-06
  1.10592285e-05  7.53205795e-06 -9.22517112e-06 -9.41401063e-06
  6.77675119e-06  1.05766341e-05 -3.96973267e-06 -1.09318044e-05
  1.09543599e-06  1.04978224e-05  1.56637594e-06 -9.38764558e-06
 -3.78701034e-06  7.78349079e-06  5.41555686e-06 -5.90353378e-06
 -6.39046520e-06  3.96684266e-06  6.73616979e-06 -2.16227483e-06
 -6.54700664e-06  6.25970220e-07  5.96232609e-06  5.69620802e-07
 -5.13787226e-06 -1.41442036e-06  4.21885808e-06  1.94872836e-06
 -3.31944254e-06 -2.24417945e-06  2.51158931e-06  2.38240069e-06
 -1.82398938e-06 -2.43600558e-06  1.24952474e-06  2.45532891e-06
 -7.58237843e-07 -2.46250265e-06  3.12219394e-07  2.45273346e-06
  1.20865366e-07 -2.40137326e-06 -5.58052786e-07  2.27464252e-06
  9.96565619e-07 -2.04152353e-06 -1.41484320e-06  1.68428939e-06
  1.77838552e-06 -1.20544524e-06 -2.04872465e-06  6.29611469e-07
  2.19321338e-06]"
13,14,8.268251641169917,1.7700836839410092,-3.519662636103376,0.0059699396310808,3.066002345301511,0.5027619865068136,0.3389917954857565,1.3341191756005453,"[ 1.29734470e-02  1.46224592e-03 -2.22254568e-02 -3.27373529e-03
  1.61408500e-02  3.25249851e-03 -9.63067991e-03 -1.59841103e-03
  4.35658412e-03 -8.26671693e-04 -1.19285500e-03  2.98788977e-03
  1.49531802e-04 -4.11517939e-03 -6.21512541e-04  3.92731730e-03
  1.75609644e-03 -2.63274616e-03 -2.77906762e-03  7.78599334e-04
  3.20691568e-03  9.72480977e-04 -2.92523026e-03 -2.06919421e-03
  2.13662916e-03  2.23717891e-03 -1.21015803e-03 -1.53216060e-03
  4.98915733e-04  2.71284817e-04 -2.02923090e-04  1.11389144e-03
  3.23253704e-04 -2.23206400e-03 -7.02760275e-04  2.83804844e-03
  1.11448943e-03 -2.86997547e-03 -1.35524777e-03  2.42720049e-03
  1.31498253e-03 -1.70926963e-03 -1.00522541e-03  9.38239687e-04
  5.40173848e-04 -2.88766975e-04 -7.92071638e-05 -1.51087540e-04
 -2.42462781e-04  3.78125787e-04  3.61680264e-04 -4.41683439e-04
 -2.94323443e-04  4.04849860e-04  1.07547521e-04 -3.19943784e-04
  1.18853130e-04  2.23025492e-04 -3.19961964e-04 -1.38488617e-04
  4.55321846e-04  8.29552037e-05 -5.07024206e-04 -6.48845682e-05
  4.75182737e-04  8.29279469e-05 -3.74492361e-04 -1.26673590e-04
  2.30956284e-04  1.80333291e-04 -7.74845420e-05 -2.27884513e-04
 -5.14613502e-05  2.58395584e-04  1.25747834e-04 -2.70475974e-04
 -1.26093984e-04  2.73767628e-04  5.05061098e-05 -2.85025011e-04
  8.23557727e-05  3.18862391e-04 -2.36619805e-04 -3.77581310e-04
  3.70294900e-04  4.46616870e-04 -4.49889533e-04 -4.99353114e-04
  4.61551290e-04  5.09083609e-04 -4.13527041e-04 -4.61411483e-04
  3.29798644e-04  3.60644321e-04 -2.39160763e-04 -2.27896316e-04
  1.65052638e-04  9.30931888e-05 -1.19516121e-04  1.49442715e-05
  1.02020733e-04 -7.68025267e-05 -1.02297071e-04  8.72131562e-05
  1.05771994e-04 -5.54765755e-05 -9.98834374e-05  1.63935761e-06
  7.91908147e-05  5.04985027e-05 -4.73306039e-05 -8.12891358e-05
  1.49942595e-05  8.12168788e-05  5.12123018e-06 -5.28045644e-05
 -4.04648420e-06  8.05113601e-06 -1.95664898e-05  3.71436820e-05
  5.88720568e-05 -6.91104884e-05 -1.01502224e-04  8.07981449e-05
  1.34133916e-04 -7.31184800e-05 -1.47072124e-04  5.32325441e-05
  1.37194279e-04 -3.08580094e-05 -1.08366921e-04  1.42600165e-05
  6.94443442e-05 -7.49395977e-06 -3.08377610e-05  9.76104329e-06
  1.06849942e-06 -1.67506906e-05  1.54714647e-05  2.30545831e-05
 -1.89946093e-05 -2.44900482e-05  1.32397838e-05  1.94770626e-05
 -3.55519721e-06 -9.19196542e-06 -5.04814949e-06 -3.26797953e-06
  9.27650163e-06  1.42143154e-05 -8.09953735e-06 -2.06734808e-05
  2.49863643e-06  2.12699956e-05  5.32795597e-06 -1.64774900e-05
 -1.29382300e-05  8.25164614e-06  1.84506179e-05  7.39471920e-07
 -2.09673543e-05 -7.97003173e-06  2.05923163e-05  1.17159599e-05
 -1.81629918e-05 -1.13755403e-05  1.48595612e-05  7.45005845e-06
 -1.18164985e-05 -1.26652495e-06  9.81102676e-06 -5.45237726e-06
 -9.08126272e-06  1.10640324e-05  9.31823934e-06 -1.44158189e-05
 -9.83975290e-06  1.50845538e-05  9.88572338e-06 -1.33845681e-05
 -8.91806824e-06  1.01626921e-05  6.80886312e-06 -6.47449538e-06
 -3.86000453e-06  3.26470967e-06  6.73936219e-07 -1.14534246e-06
  2.05606044e-06  3.07641888e-07 -3.75985350e-06 -5.57614373e-07
  4.15097414e-06  1.44292815e-06 -3.29942913e-06 -2.42989450e-06
  1.60295733e-06  3.08097774e-06  3.35718150e-07 -3.18072260e-06
 -1.89209970e-06  2.77261185e-06  2.60681381e-06 -2.10121238e-06
 -2.31381037e-06  1.48881525e-06  1.16786987e-06 -1.19746515e-06
  4.32108589e-07  1.32828979e-06 -1.99015884e-06 -1.79211667e-06
  3.07619978e-06  2.35615750e-06 -3.45071588e-06 -2.74245823e-06
  3.11401350e-06  2.73648707e-06 -2.27086048e-06 -2.26456392e-06
  1.23226670e-06  1.41423711e-06 -2.97838030e-07 -3.94689700e-07
 -3.36247184e-07 -5.43200717e-07  6.16404152e-07  1.19333887e-06
 -6.15651955e-07 -1.45444897e-06  4.79417571e-07  1.34632658e-06
 -3.58949679e-07 -9.85391391e-07  3.57451803e-07  5.35785942e-07
 -5.05009698e-07 -1.54858946e-07  7.64259686e-07 -5.09830912e-08
 -1.05684175e-06  4.86505867e-08  1.29690630e-06  1.24953548e-07
 -1.42056060e-06 -3.86189519e-07  1.40369376e-06  6.36022903e-07
 -1.26410309e-06 -7.88810061e-07  1.04961589e-06  7.92554190e-07
 -8.20016180e-07 -6.37767225e-07  6.31311802e-07  3.54375587e-07
 -5.25676911e-07]"
14,15,9.212605371422429,-2.133083661327615,-1.3392444421960716,1.3343647939849523,-4.301570267826405,0.5766767138338773,1.3601890046680831,1.180257318825438,"[ 1.29365324e-02  1.11272584e-03 -2.24562849e-02 -3.12562721e-03
  1.72471760e-02  4.75466977e-03 -1.19968453e-02 -5.40651882e-03
  7.74863631e-03  4.67935715e-03 -4.62486863e-03 -2.84321807e-03
  2.35116429e-03  6.94011462e-04 -7.79205629e-04  9.90890454e-04
 -3.90957397e-05 -1.86295501e-03  8.65212969e-05  2.01995566e-03
  4.34540215e-04 -1.76409966e-03 -1.13887136e-03  1.35980394e-03
  1.64038877e-03 -9.32318618e-04 -1.72337927e-03  5.00252339e-04
  1.40592236e-03 -6.80687233e-05 -8.80414043e-04 -3.01548960e-04
  3.74898593e-04  4.92511807e-04 -1.95789048e-05 -4.18482658e-04
 -1.93439894e-04  1.13471425e-04  3.35260761e-04  2.62964995e-04
 -4.30313992e-04 -5.26058785e-04  4.24419922e-04  5.85412041e-04
 -2.56387686e-04 -4.76255285e-04 -5.61838634e-05  2.88229177e-04
  4.15100484e-04 -7.84862533e-05 -7.20340775e-04 -1.47629297e-04
  9.40330977e-04  3.93852937e-04 -1.10758533e-03 -6.35439784e-04
  1.26050045e-03  8.28614345e-04 -1.39814646e-03 -9.45931801e-04
  1.48416435e-03  9.93393095e-04 -1.48114855e-03 -9.95079032e-04
  1.37802154e-03  9.67225983e-04 -1.19371396e-03 -9.07400236e-04
  9.65347684e-04  8.02944598e-04 -7.34147100e-04 -6.46031100e-04
  5.34446583e-04  4.43775816e-04 -3.86637306e-04 -2.20438330e-04
  2.95961459e-04  1.23353765e-05 -2.57593954e-04  1.43983201e-04
  2.62976612e-04 -2.26575784e-04 -3.00934262e-04  2.37221738e-04
  3.53901368e-04 -1.97560431e-04 -3.97050583e-04  1.35008393e-04
  4.06274003e-04 -6.99949745e-05 -3.70878188e-04  1.35773010e-05
  3.00008825e-04  2.66832563e-05 -2.16434587e-04 -4.22491320e-05
  1.42651208e-04  2.66322073e-05 -9.04243947e-05  1.75395149e-05
  6.03079695e-05 -7.56386118e-05 -4.81799537e-05  1.26289504e-04
  5.10182498e-05 -1.51057735e-04 -6.72725319e-05  1.41739182e-04
  9.34711125e-05 -1.01459019e-04 -1.21767686e-04  4.07184291e-05
  1.41384570e-04  2.79681837e-05 -1.43216957e-04 -9.38176590e-05
  1.24413685e-04  1.48916157e-04 -8.98212391e-05 -1.87650963e-04
  4.93575439e-05  2.06230131e-04 -1.31209596e-05 -2.03440812e-04
 -1.25891201e-05  1.82005605e-04  2.61919125e-05 -1.48712609e-04
 -2.90964517e-05  1.12304537e-04  2.35357936e-05 -8.01461045e-05
 -1.17176839e-05  5.58703806e-05 -3.78777619e-06 -3.93922107e-05
  1.96988121e-05  2.87348668e-05 -3.26328917e-05 -2.19320807e-05
  4.03770215e-05  1.77592622e-05 -4.27328279e-05 -1.53958116e-05
  4.12226492e-05  1.39450986e-05 -3.79577359e-05 -1.24769949e-05
  3.45696317e-05  1.04384484e-05 -3.18433681e-05 -7.85530451e-06
  2.99760639e-05  5.08189168e-06 -2.89417934e-05 -2.39453232e-06
  2.86166818e-05 -1.65895768e-07 -2.87423244e-05  2.62532244e-06
  2.89504960e-05 -4.84231633e-06 -2.89057539e-05  6.47703180e-06
  2.84376510e-05 -7.16645986e-06 -2.75250563e-05  6.70922031e-06
  2.61580365e-05 -5.11235100e-06 -2.42405063e-05  2.52287936e-06
  2.16322482e-05  8.31554274e-07 -1.82664553e-05 -4.62010731e-06
  1.42216614e-05  8.37177381e-06 -9.70138348e-06 -1.15366467e-05
  4.97793027e-06  1.36430676e-05 -3.76150709e-07 -1.44401420e-05
 -3.71106764e-06  1.39411088e-05  6.85145845e-06 -1.23742835e-05
 -8.68086491e-06  1.01026026e-05  9.03506446e-06 -7.56020240e-06
 -8.01923340e-06  5.19919852e-06  5.97669088e-06 -3.41390305e-06
 -3.38631657e-06  2.44858843e-06  7.44401954e-07 -2.33345139e-06
  1.52527925e-06  2.88461584e-06 -3.12031271e-06 -3.77705308e-06
  3.88732307e-06  4.66334552e-06 -3.84506362e-06 -5.27642879e-06
  3.18769216e-06  5.47219595e-06 -2.24334287e-06 -5.21966832e-06
  1.37968787e-06  4.56892128e-06 -8.80644268e-07 -3.62798680e-06
  8.56870925e-07  2.56078332e-06 -1.24298323e-06 -1.57214191e-06
  1.86987467e-06  8.50265457e-07 -2.55467267e-06 -4.97143945e-07
  3.15432732e-06  4.91631795e-07 -3.56679116e-06 -7.06043103e-07
  3.71446957e-06  9.77339351e-07 -3.55169824e-06 -1.18572190e-06
  3.09158628e-06  1.27922872e-06 -2.41869463e-06 -1.25191771e-06
  1.66722325e-06  1.11604967e-06 -9.70157022e-07 -8.83639700e-07
  4.10744485e-07  5.72062399e-07 -9.43730805e-09 -2.25802305e-07
 -2.54311555e-07 -8.81918964e-08  4.11126441e-07  3.10603480e-07
 -4.82359975e-07 -4.10195950e-07  4.80653200e-07  3.92635556e-07
 -4.24593241e-07 -2.94603327e-07  3.48763688e-07  1.55614608e-07
 -2.95858261e-07]"
15,16,8.442655309246515,-2.4886050952964784,-3.533037318977392,-1.461666842964631,3.0990372394077,0.1213932665621523,0.5033888252052979,0.6710766149018657,"[ 1.27753881e-02  1.66326489e-03 -2.33752604e-02 -4.46833059e-03
  2.07093328e-02  6.69070683e-03 -1.77662285e-02 -8.29220113e-03
  1.47396103e-02  9.26935747e-03 -1.17839828e-02 -9.66546963e-03
  9.01739360e-03  9.56808100e-03 -6.53261883e-03 -9.09063472e-03
  4.40181245e-03  8.34948373e-03 -2.67109460e-03 -7.44862705e-03
  1.35280610e-03  6.47590247e-03 -4.24614521e-04 -5.50543502e-03
 -1.62296310e-04  4.59917831e-03  4.70852928e-04 -3.80478030e-03
 -5.67743858e-04  3.15204185e-03  5.17588485e-04 -2.65153255e-03
 -3.80145868e-04  2.29674764e-03  2.08135824e-04 -2.06861591e-03
 -4.47674340e-05  1.94041428e-03 -7.83667782e-05 -1.88198499e-03
  1.42161864e-04  1.86313556e-03 -1.39448228e-04 -1.85639264e-03
  7.33624975e-05  1.83911462e-03  4.49581764e-05 -1.79486397e-03
 -1.99047656e-04  1.71401286e-03  3.69819891e-04 -1.59362120e-03
 -5.37998768e-04  1.43663924e-03  6.86136240e-04 -1.25058276e-03
 -8.00267696e-04  1.04601187e-03  8.71176558e-04 -8.35181761e-04
 -8.94996535e-04  6.30965624e-04  8.72870687e-04 -4.45795495e-04
 -8.09802439e-04  2.90343076e-04  7.13326914e-04 -1.72081014e-04
 -5.92645527e-04  9.43178313e-05  4.58291678e-04 -5.62533392e-05
 -3.21764347e-04  5.39944305e-05  1.94532007e-04 -8.18360187e-05
 -8.64445493e-05  1.33056269e-04  4.28302813e-06 -2.00059705e-04
  4.87614582e-05  2.74369342e-04 -7.25312363e-05 -3.47097045e-04
  6.88660479e-05  4.10023873e-04 -4.08677637e-05 -4.56802047e-04
 -7.23845084e-06  4.83624028e-04  6.99923883e-05 -4.89101845e-04
 -1.40894895e-04  4.73655879e-04  2.13132388e-04 -4.38937417e-04
 -2.80546458e-04  3.87577315e-04  3.38361099e-04 -3.23151045e-04
 -3.83398057e-04  2.50052912e-04  4.13888590e-04 -1.73099998e-04
 -4.29187588e-04  9.69560131e-05  4.29604749e-04 -2.56159282e-05
 -4.16346327e-04 -3.78725368e-05  3.91430671e-04  9.14478014e-05
 -3.57479312e-04 -1.33948397e-04  3.17405193e-04  1.65010821e-04
 -2.74094805e-04 -1.84983705e-04  2.30166029e-04  1.94832001e-04
 -1.87822288e-04 -1.96002408e-04  1.48779429e-04  1.90252209e-04
 -1.14237189e-04 -1.79467725e-04  8.48830541e-05  1.65499341e-04
 -6.09274088e-05 -1.50027813e-04  4.21684953e-05  1.34466413e-04
 -2.80813140e-05 -1.19899259e-04  1.79212808e-05  1.07054332e-04
 -1.08304251e-05 -9.63086383e-05  5.93242837e-06  8.77231074e-05
 -2.40744453e-06 -8.11037309e-05 -4.52470995e-07  7.60802701e-05
  3.20055806e-06 -7.21874116e-05 -6.20339537e-06  6.89328145e-05
  9.62838169e-06 -6.58454119e-05 -1.34616848e-05  6.25097243e-05
  1.75559561e-05 -5.85973215e-05 -2.16901073e-05  5.38995451e-05
  2.56175049e-05 -4.83521998e-05 -2.90913704e-05  4.20366458e-05
  3.18764559e-05 -3.51508157e-05 -3.37652163e-05  2.79614486e-05
  3.46065998e-05 -2.07590652e-05 -3.43373223e-05  1.38304703e-05
  3.29971749e-05 -7.44663070e-06 -3.07184449e-05  1.85223014e-06
  2.76958847e-05  2.75355415e-06 -2.41536066e-05 -6.24206631e-06
  2.03220724e-05  8.57271715e-06 -1.64267442e-05 -9.79221604e-06
  1.26806947e-05  1.00166537e-05 -9.27355608e-06 -9.40729317e-06
  6.35636346e-06  8.15031818e-06 -4.02821973e-06 -6.44314521e-06
  2.33109864e-06  4.48390112e-06 -1.25462325e-06 -2.46047519e-06
  7.47545008e-07  5.38785768e-07 -7.30351581e-07  1.14741802e-06
  1.10514404e-06 -2.50265600e-06 -1.76291093e-06  3.47093162e-06
  2.59073653e-06 -4.03321129e-06 -3.48018837e-06  4.20272945e-06
  4.33540272e-06 -4.01892212e-06 -5.07874872e-06  3.54048248e-06
  5.65353340e-06 -2.83835807e-06 -6.02452167e-06  1.98926100e-06
  6.17701925e-06 -1.06951791e-06 -6.11484934e-06  1.49223505e-07
  5.85738537e-06  7.12418389e-07 -5.43574433e-06 -1.46964866e-06
  4.88840094e-06  2.09080504e-06 -4.25683624e-06 -2.55798124e-06
  3.58180265e-06  2.86619411e-06 -2.90033715e-06 -3.02198158e-06
  2.24356730e-06  3.04125477e-06 -1.63562415e-06 -2.94637634e-06
  1.09367218e-06  2.76278948e-06 -6.28328229e-07 -2.51602041e-06
  2.43847081e-07  2.22980732e-06  6.15831854e-08 -1.92524487e-06
 -2.94742728e-07  1.62023868e-06  4.65505008e-07 -1.32893351e-06
 -5.84868908e-07  1.06127543e-06  6.63522420e-07 -8.22801520e-07
 -7.11213182e-07  6.14688140e-07  7.36773123e-07 -4.34314674e-07
 -7.48163851e-07  2.76400894e-07  7.51997216e-07 -1.34166451e-07
 -7.52815627e-07]"
16,17,6.012515224997353,-2.3182674709722964,2.256248144844593,-3.936437668288113,-0.0509487019100376,0.5498511988469484,0.5477513545172887,0.7429353924082864,"[ 1.28578626e-02 -1.48106895e-03 -2.28970895e-02  3.58753890e-03
  1.88212477e-02 -4.35881604e-03 -1.44625177e-02  3.84278506e-03
  1.06995890e-02 -2.51498883e-03 -8.05173655e-03  1.03808408e-03
  6.58889459e-03  2.47103782e-06 -6.01309272e-03 -2.84444174e-04
  5.84502312e-03 -1.93236104e-04 -5.62724650e-03  1.17241613e-03
  5.07202318e-03 -2.27001267e-03 -4.11887214e-03  3.12527896e-03
  2.90480855e-03 -3.51120517e-03 -1.67617544e-03  3.38331766e-03
  6.81490237e-04 -2.86287305e-03 -8.20601943e-05  2.17066505e-03
 -9.44954871e-05 -1.53936652e-03 -5.09008445e-05  1.13510407e-03
  3.37183107e-04 -1.01261191e-03 -5.73197526e-04  1.11470444e-03
  6.22628701e-04 -1.31046662e-03 -4.41634124e-04  1.45352307e-03
  7.94025016e-05 -1.43689258e-03  3.53421178e-04  1.22549182e-03
 -7.32554065e-04 -8.58371886e-04  9.64929006e-04  4.24913386e-04
 -1.01570684e-03 -2.75709999e-05  9.11407140e-04 -2.53987835e-04
 -7.22233675e-04  3.85753118e-04  5.32840668e-04 -3.83950382e-04
 -4.12759219e-04  3.02647948e-04  3.95948194e-04 -2.10720953e-04
 -4.74770824e-04  1.66937241e-04  6.08586606e-04 -2.01562693e-04
 -7.42456146e-04  3.09990802e-04  8.28457513e-04 -4.59347956e-04
 -8.41781967e-04  6.04310683e-04  7.86312686e-04 -7.05266097e-04
 -6.88845712e-04  7.41715013e-04  5.85615626e-04 -7.16482407e-04
 -5.07398185e-04  6.50533798e-04  4.69173953e-04 -5.71990288e-04
 -4.67583812e-04  5.04662869e-04  4.85735266e-04 -4.60632401e-04
 -5.02084357e-04  4.38874187e-04  4.99192760e-04 -4.29105803e-04
 -4.69137281e-04  4.18195431e-04  4.14374619e-04 -3.96142172e-04
 -3.44833008e-04  3.59558659e-04  2.73137315e-04 -3.12016054e-04
 -2.09993817e-04  2.61838856e-04  1.61168490e-04 -2.18594960e-04
 -1.26651103e-04  1.89622349e-04  1.01845038e-04 -1.77660729e-04
 -8.00936391e-05  1.80194398e-04  5.55703953e-05 -1.90567530e-04
 -2.55388199e-05  2.00394328e-04 -8.75091027e-06 -2.02384915e-04
  4.27592284e-05  1.92591214e-04 -7.05877001e-05 -1.71320898e-04
  8.73294697e-05  1.42498412e-04 -9.09084289e-05 -1.11852849e-04
  8.27436907e-05  8.47224218e-05 -6.70955471e-05 -6.43196796e-05
  4.94732517e-05  5.10157430e-05 -3.47909647e-05 -4.27433214e-05
  2.59557211e-05  3.61980610e-05 -2.33168549e-05 -2.82861849e-05
  2.50414162e-05  1.72692503e-05 -2.81535185e-05 -3.24817203e-06
  2.97902625e-05 -1.20904137e-05 -2.82182497e-05  2.62789391e-05
  2.32957763e-05 -3.70721309e-05 -1.62914214e-05  4.32646272e-05
  9.20248254e-06 -4.50404801e-05 -3.88266248e-06  4.37680753e-05
  1.33158421e-06 -4.13722979e-05 -1.40383819e-06  3.95694453e-05
  3.00438052e-06 -3.92775059e-05 -4.63550093e-06  4.04114331e-05
  5.03434033e-06 -4.20947081e-05 -3.63492902e-06  4.31471455e-05
  6.94561040e-07 -4.26162880e-05  2.91616619e-06  4.01371666e-05
 -6.12364115e-06 -3.60108028e-05  8.07009519e-06  3.10238539e-05
 -8.38462659e-06 -2.61259267e-05  7.23983572e-06  2.21063358e-05
 -5.21917053e-06 -1.93783556e-05  3.07732092e-06  1.79177408e-05
 -1.48970006e-06 -1.73435376e-05  8.67245493e-07  1.70907314e-05
 -1.27702183e-06 -1.66102528e-05  2.47324502e-06  1.55366385e-05
 -4.01525898e-06 -1.37796017e-05  5.42941531e-06  1.15194046e-05
 -6.36177955e-06 -9.11539860e-06  6.67317313e-06  6.96519163e-06
 -6.44988660e-06 -5.36684534e-06  5.93531844e-06  4.43113267e-06
 -5.41586459e-06 -4.06858949e-06  5.10749637e-06  4.04704449e-06
 -5.08433453e-06 -4.09035134e-06  5.27043583e-06  3.97702468e-06
 -5.48927781e-06 -3.60296806e-06  5.54376879e-06  2.99197556e-06
 -5.29241670e-06 -2.26023984e-06  4.69522658e-06  1.55601389e-06
 -3.81861602e-06 -9.99366045e-07  2.80400691e-06  6.42252102e-07
 -1.81558570e-06 -4.59418774e-07  9.87431301e-07  3.68818634e-07
 -3.87878197e-07 -2.69968557e-07  1.05934701e-08  8.38759855e-08
  2.08812449e-07  2.19941598e-07 -3.60324997e-07 -6.17119092e-07
  5.24723765e-07  1.04217536e-06 -7.48648888e-07 -1.41455009e-06
  1.03624849e-06  1.66580417e-06 -1.35684531e-06 -1.75842851e-06
  1.66236849e-06  1.69185076e-06 -1.90643044e-06 -1.49675516e-06
  2.05860749e-06  1.22226323e-06 -2.11086809e-06 -9.21348770e-07
  2.07648331e-06  6.38739067e-07 -1.98402381e-06 -4.03411686e-07
  1.86951618e-06  2.25740657e-07 -1.76874077e-06 -9.83664675e-08
  1.71036438e-06]"
17,18,5.9146669763032005,1.9181796878799613,-4.959120728294345,0.2909721414095916,3.8540859371550553,1.143422876422031,0.5984606823075835,0.660395055382718,"[ 1.29105465e-02  2.21994565e-03 -2.25887942e-02 -5.45045023e-03
  1.75605824e-02  6.83419450e-03 -1.20904906e-02 -6.41307117e-03
  7.38017311e-03  4.75057875e-03 -4.15050594e-03 -2.62810076e-03
  2.56322519e-03  7.56565596e-04 -2.33055903e-03  4.08086048e-04
  2.91248592e-03 -7.29101336e-04 -3.72285390e-03  3.52401188e-04
  4.29442133e-03  3.96939029e-04 -4.37582773e-03 -1.14696229e-03
  3.95311520e-03  1.60396565e-03 -3.20223841e-03 -1.63896845e-03
  2.38998480e-03  1.30992171e-03 -1.75618019e-03 -8.11533448e-04
  1.42290216e-03  3.75958683e-04 -1.36757123e-03 -1.73106512e-04
  1.46301391e-03  2.55603922e-04 -1.55263459e-03 -5.62685380e-04
  1.51864595e-03  9.65349004e-04 -1.31744884e-03 -1.32328550e-03
  9.79536976e-04  1.53129017e-03 -5.84934414e-04 -1.54503367e-03
  2.27818258e-04  1.38428173e-03  1.75934948e-05 -1.11654722e-03
 -1.20081731e-04  8.28230978e-04  9.72665527e-05 -5.93392218e-04
 -3.77233026e-06  4.50817025e-04 -9.25797729e-05 -3.96959603e-04
  1.36592169e-04  3.95927566e-04 -1.03253984e-04 -4.00245762e-04
  1.13985087e-06  3.71793718e-04  1.37122325e-04 -2.94113555e-04
 -2.70532033e-04  1.73612373e-04  3.64126280e-04 -3.29007807e-05
 -3.98069606e-04 -9.89309144e-05  3.70901527e-04  1.95826099e-04
 -2.97738285e-04 -2.42263891e-04  2.04303005e-04  2.37234917e-04
 -1.18274646e-04 -1.93448719e-04  6.07094478e-05  1.31946450e-04
 -4.07433954e-05 -7.43532760e-05  5.53513712e-05  3.60914411e-05
 -9.33781379e-05 -2.31260522e-05  1.41130294e-04  3.27684693e-05
 -1.86740719e-04 -5.70672130e-05  2.22079487e-04  8.66082077e-05
 -2.42738184e-04 -1.13229795e-04  2.47314677e-04  1.31349444e-04
 -2.36786671e-04 -1.38338707e-04  2.13994322e-04  1.34370379e-04
 -1.82964421e-04 -1.21858421e-04  1.48024163e-04  1.04485152e-04
 -1.12982049e-04 -8.59976935e-05  8.07384074e-05  6.92491898e-05
 -5.33568864e-05 -5.58835764e-05  3.22633298e-05  4.66175443e-05
 -1.82259935e-05 -4.16924186e-05  1.10655550e-05  4.10373695e-05
 -9.42534490e-06 -4.40745991e-05  1.09883470e-05  4.95142042e-05
 -1.31621504e-05 -5.54912678e-05  1.38865120e-05  6.00880341e-05
 -1.21325206e-05 -6.19472250e-05  7.89816937e-06  6.06062049e-05
 -1.85096866e-06 -5.64175850e-05 -5.09062443e-06  5.01858532e-05
  1.20234682e-05 -4.27798315e-05 -1.81448018e-05  3.49254745e-05
  2.27686070e-05 -2.71920549e-05 -2.53712364e-05  2.00567850e-05
  2.56789599e-05 -1.39314643e-05 -2.37350212e-05  9.12813039e-06
  1.98890696e-05 -5.82115540e-06 -1.47272443e-05  4.03800750e-06
  8.98222387e-06 -3.67005936e-06 -3.44440145e-06  4.47248610e-06
 -1.13515883e-06 -6.04226638e-06  4.17362491e-06  7.82877344e-06
 -5.38746793e-06 -9.21663678e-06  4.86948353e-06  9.66903609e-06
 -3.06617396e-06 -8.88886845e-06  6.37974821e-07  6.91650423e-06
  1.74006928e-06 -4.11350240e-06 -3.56194008e-06  1.04117178e-06
  4.60604698e-06  1.72545145e-06 -4.93944621e-06 -3.77100871e-06
  4.82788060e-06  4.93861850e-06 -4.60419554e-06 -5.33793106e-06
  4.53568279e-06  5.27091023e-06 -4.73133017e-06 -5.10674655e-06
  5.11599461e-06  5.14618294e-06 -5.48140559e-06 -5.52327772e-06
  5.59195656e-06  6.18146674e-06 -5.29005027e-06 -6.92067312e-06
  4.56267428e-06  7.49060764e-06 -3.54608910e-06 -7.68846891e-06
  2.46750361e-06  7.42346724e-06 -1.56206880e-06 -6.73829299e-06
  9.96230030e-07  5.78195965e-06 -8.17416414e-07 -4.74786227e-06
  9.53039743e-07  3.81130806e-06 -1.25144671e-06 -3.08283450e-06
  1.53706125e-06  2.58715437e-06 -1.66578357e-06 -2.27543874e-06
  1.56870051e-06  2.05913172e-06 -1.26732409e-06 -1.85069964e-06
  8.59206234e-07  1.60366885e-06 -4.78794631e-07 -1.33244852e-06
  2.42590843e-07  1.09549446e-06 -2.08760522e-07 -9.62265366e-07
  3.64409298e-07  9.83775943e-07 -6.33749546e-07 -1.16534720e-06
  9.10814064e-07  1.45956104e-06 -1.09819061e-06 -1.78427194e-06
  1.13312884e-06  2.04429583e-06 -1.00671020e-06 -2.15840410e-06
  7.60842369e-07  2.08554252e-06 -4.64265817e-07 -1.83098723e-06
  1.92842579e-07  1.43987424e-06 -8.11093996e-09 -9.83463807e-07
 -5.99596767e-08  5.38958988e-07  1.17497170e-08 -1.72614171e-07
  1.25197444e-07 -7.46094272e-08 -3.05007357e-07  1.93239086e-07
  4.82613970e-07 -1.97906848e-07 -6.21655640e-07  1.19841339e-07
  6.96598611e-07]"
18,19,5.612193096194911,-0.2995550682790378,-0.3359287485182785,-1.8641738509988703,-3.748898656384103,0.5017167201368844,0.1551545481092672,0.5017745840225951,"[ 1.28041394e-02  1.82392988e-03 -2.32030656e-02 -4.87143993e-03
  1.99534302e-02  7.22019349e-03 -1.61917038e-02 -8.82833352e-03
  1.22472777e-02  9.70612156e-03 -8.41572288e-03 -9.90857606e-03
  4.93648014e-03  9.52596153e-03 -1.98037190e-03 -8.67296056e-03
 -3.53569134e-04  7.47740034e-03  2.03360779e-03 -6.06940681e-03
 -3.08529235e-03  4.57179195e-03  3.57808651e-03 -3.09232854e-03
 -3.61060331e-03  1.71834214e-03  3.29609119e-03 -5.13782633e-04
 -2.74947000e-03 -4.81328196e-04  2.07682742e-03  1.24940004e-03
 -1.36788807e-03 -1.79220699e-03  6.91600965e-04  2.12679709e-03
 -9.46861088e-05 -2.28091826e-03 -3.97255989e-04  2.28843886e-03
  7.76651184e-04 -2.18515054e-03 -1.04958450e-03  2.00524479e-03
  1.23092504e-03 -1.77866232e-03 -1.33966351e-03  1.52942617e-03
  1.39502786e-03 -1.27497677e-03 -1.41371049e-03  1.02642788e-03
  1.40829285e-03 -7.89563850e-04 -1.38675231e-03  5.66318047e-04
  1.35281457e-03 -3.56432697e-04 -1.30687229e-03  1.59012315e-04
  1.24720075e-03  2.62555770e-05 -1.17123894e-03 -1.98346461e-04
  1.07675128e-03  3.54647198e-04 -9.62735866e-04 -4.91159119e-04
  8.29997700e-04  6.03050852e-04 -6.81357859e-04 -6.85425131e-04
  5.21517460e-04  7.34154518e-04 -3.56635962e-04 -7.46648237e-04
  1.93714264e-04  7.22433401e-04 -3.98919023e-05 -6.63467419e-04
 -9.82296735e-05  5.74141297e-04  2.15142824e-04 -4.60980221e-04
 -3.06809200e-04  3.32090453e-04  3.70841136e-04 -1.96433385e-04
 -4.06515822e-04  6.30246121e-05  4.14671630e-04  5.98424239e-05
 -3.97535297e-04 -1.65260082e-04  3.58510730e-04  2.48190646e-04
 -3.01938243e-04 -3.05731689e-04  2.32819804e-04  3.37153333e-04
 -1.56506862e-04 -3.43726320e-04  7.83594539e-05  3.28382463e-04
 -3.40001963e-06 -2.95263473e-04 -6.40051795e-05  2.49219207e-04
  1.20403814e-04 -1.95312884e-04 -1.63428834e-04  1.38380875e-04
  1.91870012e-04 -8.26809784e-05 -2.05645399e-04  3.16482026e-05
  2.05684064e-04  1.22368784e-05 -1.93740245e-04 -4.74737651e-05
  1.72164121e-04  7.34770151e-05 -1.43655121e-04 -9.04418566e-05
  1.11020797e-04  9.91651570e-05 -7.69590318e-05 -1.00847528e-04
  4.38759694e-05  9.69008364e-05 -1.37478961e-05 -8.87811168e-05
 -1.19676084e-05  7.78601269e-05  3.23684963e-05 -6.53407806e-05
 -4.70938053e-05  5.22141110e-05  5.62633990e-05 -3.92499867e-05
 -6.03824238e-05  2.70113183e-05  6.02249366e-05 -1.58817259e-05
 -5.67126382e-05  6.09857654e-06  5.08032855e-05  2.21420970e-06
 -4.33996606e-05 -9.01694146e-06  3.52851152e-05  1.43301758e-05
 -2.70868879e-05 -1.82164089e-05  1.92645679e-05  2.07670063e-05
 -1.21186740e-05 -2.20933665e-05  5.81329900e-06  2.23210499e-05
 -4.06773593e-07 -2.15856797e-05 -4.11507132e-06  2.00297449e-05
  7.80752895e-06 -1.77998436e-05 -1.07408821e-05  1.50441918e-05
  1.29816158e-05 -1.19102912e-05 -1.45818097e-05  8.54258845e-06
  1.55763786e-05 -5.07993435e-06 -1.59868811e-05  1.65280981e-06
  1.58298952e-05  1.61946408e-06 -1.51274692e-05 -4.63115766e-06
  1.39169774e-05  7.29194169e-06 -1.22579918e-05 -9.52812274e-06
  1.02346031e-05  1.12836279e-05 -7.95281507e-06 -1.25210673e-05
  5.53381681e-06  1.32229379e-05 -3.10469480e-06 -1.33927017e-05
  7.88337564e-07  1.30553053e-05  1.30595691e-06 -1.22567603e-05
 -3.09006119e-06  1.10625512e-05  4.50206744e-06 -9.55476067e-06
 -5.50846353e-06  7.82788886e-06  6.10350205e-06 -5.98350148e-06
 -6.30622562e-06  4.12409253e-06  6.15586999e-06 -2.34677538e-06
 -5.70640196e-06  7.37467603e-07  5.02082524e-06  6.33922959e-07
 -4.16574999e-06 -1.71702954e-06  3.20665044e-06  2.48311992e-06
 -2.20417585e-06 -2.92560564e-06  1.21173227e-06  3.05885547e-06
 -2.74302066e-07 -2.91539034e-06 -5.71775096e-07  2.54182948e-06
  1.29844867e-06 -1.99416066e-06 -1.88537891e-06  1.33288530e-06
  2.31936855e-06 -6.18407511e-07 -2.59393381e-06 -9.31068835e-08
  2.70905410e-06  7.53165060e-07 -2.67103779e-06 -1.32336743e-06
  2.49234558e-06  1.77655966e-06 -2.19119859e-06 -2.09671198e-06
  1.79089708e-06  2.27782614e-06 -1.31890801e-06 -2.32232033e-06
  8.05811243e-07  2.23926092e-06 -2.84090750e-07 -2.04262102e-06
 -2.13354881e-07  1.74963073e-06  6.55062057e-07 -1.37930323e-06
 -1.01307012e-06  9.51278772e-07  1.26484997e-06 -4.85109757e-07
 -1.39473585e-06]"
19,20,6.682127406308557,-0.4830267629055806,4.002371151173973,-0.8371890506454163,3.0210972035592008,1.3648943359914545,0.1728331420169839,0.1647872729862166,"[ 1.28524805e-02  2.69964642e-03 -2.29205867e-02 -7.03860459e-03
  1.88065330e-02  9.95658910e-03 -1.40756975e-02 -1.13559409e-02
  9.41160935e-03  1.13857558e-02 -5.35295681e-03 -1.03814744e-02
  2.24563133e-03  8.77695748e-03 -2.36341425e-04 -7.01111523e-03
 -7.15668839e-04  5.45045762e-03  8.09622467e-04 -4.34077005e-03
 -3.49939471e-04  3.78947920e-03 -3.24572035e-04 -3.77227048e-03
  9.08495134e-04  4.15682493e-03 -1.17740963e-03 -4.73971145e-03
  1.01241900e-03  5.29303948e-03 -4.06537661e-04 -5.61350725e-03
 -5.45497975e-04  5.56260512e-03  1.67623073e-03 -5.08835134e-03
 -2.79020391e-03  4.22579566e-03  3.71128159e-03 -3.08032731e-03
 -4.31659384e-03  1.80048016e-03  4.54958519e-03 -5.46395843e-04
 -4.41631777e-03 -5.40382047e-04  3.97385691e-03  1.35988886e-03
 -3.31587994e-03 -1.86494972e-03  2.55559333e-03  2.06013919e-03
 -1.80572255e-03 -1.99229264e-03  1.15881377e-03  1.73740108e-03
 -6.73217301e-04 -1.38635603e-03  3.68191433e-04  1.02971090e-03
 -2.27621291e-04 -7.42244478e-04  2.09376307e-04  5.70551478e-04
 -2.57346954e-04 -5.27639110e-04  3.14101787e-04  5.95985538e-04
 -3.32329442e-04 -7.36799227e-04  2.82992739e-04  9.01467737e-04
 -1.58565674e-04 -1.04216380e-03 -2.88225652e-05  1.12037541e-03
  2.52938928e-04 -1.11285009e-03 -4.80625825e-04  1.01424360e-03
  6.78895540e-04 -8.35998841e-04 -8.20926302e-04  6.02101041e-04
  8.90365619e-04 -3.43354400e-04 -8.83459958e-04  9.17110483e-05
  8.08706588e-04  1.24704397e-04 -6.84188476e-04 -2.85735740e-04
  5.33339159e-04  3.82035488e-04 -3.80235117e-04 -4.15740085e-04
  2.45441003e-04  3.98545900e-04 -1.43064257e-04 -3.47868151e-04
  7.92885011e-05  2.82554577e-04 -5.24131711e-05 -2.19411225e-04
  5.42738680e-05  1.70952272e-04 -7.27181523e-05 -1.44187662e-04
  9.45608829e-05  1.40283051e-04 -1.08308269e-04 -1.55166604e-04
  1.06074748e-04  1.81091071e-04 -8.44682945e-05 -2.08784056e-04
  4.45536349e-05  2.29560855e-04  8.86749097e-06 -2.36906312e-04
 -6.84610948e-05  2.27377534e-04  1.25888034e-04 -2.00892575e-04
 -1.73421156e-04  1.60459659e-04  2.05328362e-04 -1.11366098e-04
 -2.18725985e-04  5.99580836e-05  2.13779281e-04 -1.23230843e-05
 -1.93324675e-04 -2.67692008e-05  1.62092322e-04  5.44675470e-05
 -1.25714730e-04 -6.99942741e-05  8.96951371e-05  7.44668730e-05
 -5.85163091e-05 -7.04719031e-05  3.50547699e-05  6.14419008e-05
 -2.03826687e-05 -5.09250162e-05  1.39198243e-05  4.19066235e-05
 -1.38211451e-05 -3.63462131e-05  1.74856495e-05  3.50059332e-05
 -2.21098201e-05 -3.75376005e-05  2.52189652e-05  4.27405546e-05
 -2.50908776e-05 -4.89119483e-05  2.09846445e-05  5.42351359e-05
 -1.31371807e-05 -5.71526530e-05  2.56546550e-06  5.66578488e-05
  9.24022862e-06 -5.24462542e-05 -2.06498139e-05  4.49054591e-05
  3.01987624e-05 -3.49694526e-05 -3.68281745e-05  2.38920893e-05
  4.00267309e-05 -1.29965084e-05 -3.98538527e-05  3.44542527e-06
  3.68524754e-05  3.93448896e-06 -3.18889050e-05 -8.75015380e-06
  2.59657789e-05  1.10504799e-05 -2.00432511e-05 -1.12535260e-05
  1.48907631e-05  1.00186894e-05 -1.09873743e-05 -8.09843894e-06
  8.48574651e-06  6.19936292e-06 -7.24329519e-06 -4.87118128e-06
  6.90571039e-06  4.43407488e-06 -7.01515661e-06 -4.95170836e-06
  7.11596168e-06  6.25382175e-06 -6.84046209e-06 -8.00266823e-06
  5.96691149e-06  9.78501879e-06 -4.44517100e-06 -1.12051059e-05
  2.38782291e-06  1.19583378e-05 -2.95881159e-08 -1.18761074e-05
 -2.33390238e-06  1.09407809e-05  4.41142262e-06 -9.27416758e-06
 -5.97051571e-06  7.10456302e-06  6.87279978e-06 -4.71914992e-06
 -7.08875697e-06  2.41042054e-06  6.69322726e-06 -4.26534481e-07
 -5.84327865e-06 -1.06503763e-06  4.74239382e-06  1.99462439e-06
 -3.59927390e-06 -2.38779210e-06  2.59147312e-06  2.34743724e-06
 -1.84047916e-06 -2.02630768e-06  1.39916005e-06  1.59473284e-06
 -1.25036140e-06 -1.20796858e-06  1.31687598e-06  9.78850195e-07
 -1.48274279e-06 -9.61796144e-07  1.62158661e-06  1.15094925e-06
 -1.62391309e-06 -1.48992904e-06  1.41668898e-06  1.88788335e-06
 -9.73589859e-07 -2.23816098e-06  3.17555416e-07  2.43858126e-06
  4.83370586e-07 -2.41181349e-06 -1.32748094e-06  2.12159196e-06
  2.09768710e-06 -1.57982162e-06 -2.68312582e-06  8.42919955e-07
  2.99872647e-06]"
